timestamp,event,mode,ticker,side,entry_price,qty,time_left,btc_price,strike,raw_yes_bid,raw_no_bid,ask_yes,ask_no,spread,yes_liq,no_liq,obi,bankroll,rolling_24h_loss,ml_direction,ml_confidence,ml_proba_up,ml_birth_ts,signal_age_min,ob_stale,ob_last_delta_age,ws_connected,filter_reason,order_id,client_order_id,order_status,kalshi_fill_qty,kalshi_fill_price,kalshi_fill_cost,kalshi_fees,stop_trail,stop_best_bid,stop_active,settlement_source,btc_price_at_settlement,gross_proceeds,gross_cost,net_fees,pnl_this_trade,reconcile_estimated_pnl,reconcile_actual_pnl,reconcile_delta,msg
2026-04-26 14:12:02.102798,HRTBT,PAPER,KXBTC15M-26APR261015-15,,0,0,2.96,0.0,77964.5,18,80,20,82,2,1551.75,1154.97,0.147,1000.0,0,,0.0,0.0,0.0,999.0,0,0.0,1,,,,,0,0,0.0,0.0,0,0,0,,0.0,0.0,0.0,0.0,0.0,0.0,0.0,0.0,
2026-04-26 14:12:12.116714,HRTBT,PAPER,KXBTC15M-26APR261015-15,,0,0,2.8,77949.21,77964.5,20,80,20,80,0,1514.3799999999999,1631.53,-0.037,1000.0,0,,0.0,0.0,0.0,999.0,0,0.1,1,,,,,0,0,0.0,0.0,0,0,0,,0.0,0.0,0.0,0.0,0.0,0.0,0.0,0.0,
2026-04-26 14:12:22.134553,HRTBT,PAPER,KXBTC15M-26APR261015-15,,0,0,2.63,77942.64,77964.5,16,85,15,84,-1,1549.81,2399.25,-0.215,1000.0,0,,0.0,0.0,0.0,999.0,0,0.1,1,,,,,0,0,0.0,0.0,0,0,0,,0.0,0.0,0.0,0.0,0.0,0.0,0.0,0.0,
2026-04-26 14:12:32.148013,HRTBT,PAPER,KXBTC15M-26APR261015-15,,0,0,2.46,77942.64,77964.5,16,83,17,84,1,2345.98,2349.88,-0.001,1000.0,0,,0.0,0.0,0.0,999.0,0,0.2,1,,,,,0,0,0.0,0.0,0,0,0,,0.0,0.0,0.0,0.0,0.0,0.0,0.0,0.0,
2026-04-26 14:12:42.158878,HRTBT,PAPER,KXBTC15M-26APR261015-15,,0,0,2.3,77942.64,77964.5,15,84,16,85,1,2067.96,2266.9100000000003,-0.046,1000.0,0,,0.0,0.0,0.0,999.0,0,0.2,1,,,,,0,0,0.0,0.0,0,0,0,,0.0,0.0,0.0,0.0,0.0,0.0,0.0,0.0,
2026-04-26 14:12:52.173490,HRTBT,PAPER,KXBTC15M-26APR261015-15,,0,0,2.13,77942.64,77964.5,15,87,13,85,-2,2335.96,1709.64,0.155,1000.0,0,,0.0,0.0,0.0,999.0,0,0.3,1,,,,,0,0,0.0,0.0,0,0,0,,0.0,0.0,0.0,0.0,0.0,0.0,0.0,0.0,
2026-04-26 14:13:02.184939,HRTBT,PAPER,KXBTC15M-26APR261015-15,,0,0,1.96,77942.64,77964.5,10,89,11,90,1,2078.56,2151.2999999999997,-0.017,1000.0,0,,0.0,0.0,0.0,999.0,0,0.0,1,,,,,0,0,0.0,0.0,0,0,0,,0.0,0.0,0.0,0.0,0.0,0.0,0.0,0.0,
2026-04-26 14:13:12.235570,HRTBT,PAPER,KXBTC15M-26APR261015-15,,0,0,1.8,77939.36,77964.5,9,95,5,91,-4,2712.7500000000005,1741.1200000000003,0.218,1000.0,0,,0.0,0.0,0.0,999.0,0,0.1,1,,,,,0,0,0.0,0.0,0,0,0,,0.0,0.0,0.0,0.0,0.0,0.0,0.0,0.0,
2026-04-26 14:17:03.906759,HRTBT,PAPER,KXBTC15M-26APR261030-30,,0,0,12.93,0.0,77962.07,45,52,48,55,3,152.0,205.0,-0.148,1000.0,0,,0.0,0.0,0.0,999.0,0,0.0,1,,,,,0,0,0.0,0.0,0,0,0,,0.0,0.0,0.0,0.0,0.0,0.0,0.0,0.0,
2026-04-26 14:17:13.921440,HRTBT,PAPER,KXBTC15M-26APR261030-30,,0,0,12.77,77957.86,77962.07,45,54,46,55,1,1792.93,133.8,0.861,1000.0,0,,0.0,0.0,0.0,999.0,0,0.0,1,,,,,0,0,0.0,0.0,0,0,0,,0.0,0.0,0.0,0.0,0.0,0.0,0.0,0.0,
2026-04-26 14:17:23.935996,HRTBT,PAPER,KXBTC15M-26APR261030-30,,0,0,12.6,77957.86,77962.07,46,54,46,54,0,1039.0,557.32,0.302,1000.0,0,,0.0,0.0,0.0,999.0,0,0.0,1,,,,,0,0,0.0,0.0,0,0,0,,0.0,0.0,0.0,0.0,0.0,0.0,0.0,0.0,
2026-04-26 14:17:34.032670,HRTBT,PAPER,KXBTC15M-26APR261030-30,,0,0,12.43,77949.21,77962.07,42,57,43,58,1,2947.3399999999997,2995.9500000000003,-0.008,1000.0,0,,0.0,0.0,0.0,999.0,0,0.1,1,,,,,0,0,0.0,0.0,0,0,0,,0.0,0.0,0.0,0.0,0.0,0.0,0.0,0.0,
2026-04-26 14:17:44.138704,HRTBT,PAPER,KXBTC15M-26APR261030-30,,0,0,12.26,77950.38,77962.07,42,58,42,58,0,3347.1,2817.3200000000006,0.086,1000.0,0,,0.0,0.0,0.0,999.0,0,0.3,1,,,,,0,0,0.0,0.0,0,0,0,,0.0,0.0,0.0,0.0,0.0,0.0,0.0,0.0,
2026-04-26 14:17:54.153023,HRTBT,PAPER,KXBTC15M-26APR261030-30,,0,0,12.1,77950.38,77962.07,42,58,42,58,0,3385.1600000000003,3017.300000000001,0.057,1000.0,0,,0.0,0.0,0.0,999.0,0,0.3,1,,,,,0,0,0.0,0.0,0,0,0,,0.0,0.0,0.0,0.0,0.0,0.0,0.0,0.0,
2026-04-26 14:18:04.167103,HRTBT,PAPER,KXBTC15M-26APR261030-30,,0,0,11.93,77950.38,77962.07,42,57,43,58,1,3531.72,2927.94,0.093,1000.0,0,,0.0,0.0,0.0,999.0,0,0.3,1,,,,,0,0,0.0,0.0,0,0,0,,0.0,0.0,0.0,0.0,0.0,0.0,0.0,0.0,
2026-04-26 14:18:14.179355,HRTBT,PAPER,KXBTC15M-26APR261030-30,,0,0,11.76,77958.82,77962.07,47,52,48,53,1,2883.9300000000003,3035.2,-0.026,1000.0,0,,0.0,0.0,0.0,999.0,0,0.0,1,,,,,0,0,0.0,0.0,0,0,0,,0.0,0.0,0.0,0.0,0.0,0.0,0.0,0.0,
2026-04-26 14:18:24.192961,HRTBT,PAPER,KXBTC15M-26APR261030-30,,0,0,11.6,77964.93,77962.07,52,52,48,48,-4,2980.930000000001,305.00000000000034,0.814,1000.0,0,,0.0,0.0,0.0,999.0,0,0.0,1,,,,,0,0,0.0,0.0,0,0,0,,0.0,0.0,0.0,0.0,0.0,0.0,0.0,0.0,
2026-04-26 14:18:34.244120,HRTBT,PAPER,KXBTC15M-26APR261030-30,,0,0,11.43,77977.74,77962.07,63,36,64,37,1,2907.35,3157.6800000000003,-0.041,1000.0,0,,0.0,0.0,0.0,999.0,0,0.1,1,,,,,0,0,0.0,0.0,0,0,0,,0.0,0.0,0.0,0.0,0.0,0.0,0.0,0.0,
2026-04-26 14:18:44.256191,HRTBT,PAPER,KXBTC15M-26APR261030-30,,0,0,11.26,77977.74,77962.07,62,37,63,38,1,3361.71,3022.3800000000006,0.053,1000.0,0,,0.0,0.0,0.0,999.0,0,0.0,1,,,,,0,0,0.0,0.0,0,0,0,,0.0,0.0,0.0,0.0,0.0,0.0,0.0,0.0,
2026-04-26 14:18:54.270619,HRTBT,PAPER,KXBTC15M-26APR261030-30,,0,0,11.1,77980.92,77962.07,63,37,63,37,0,2568.4900000000002,3054.3800000000006,-0.086,1000.0,0,,0.0,0.0,0.0,999.0,0,0.1,1,,,,,0,0,0.0,0.0,0,0,0,,0.0,0.0,0.0,0.0,0.0,0.0,0.0,0.0,
2026-04-26 14:19:04.399835,HRTBT,PAPER,KXBTC15M-26APR261030-30,,0,0,10.93,77980.92,77962.07,63,36,64,37,1,1790.5,3190.42,-0.281,1000.0,0,,0.0,0.0,0.0,999.0,0,0.2,1,,,,,0,0,0.0,0.0,0,0,0,,0.0,0.0,0.0,0.0,0.0,0.0,0.0,0.0,
2026-04-26 14:19:14.431137,HRTBT,PAPER,KXBTC15M-26APR261030-30,,0,0,10.76,77981.01,77962.07,62,38,62,38,0,2886.76,2834.24,0.009,1000.0,0,,0.0,0.0,0.0,999.0,0,1.3,1,,,,,0,0,0.0,0.0,0,0,0,,0.0,0.0,0.0,0.0,0.0,0.0,0.0,0.0,
2026-04-26 14:19:24.502818,HRTBT,PAPER,KXBTC15M-26APR261030-30,,0,0,10.59,77979.85,77962.07,62,38,62,38,0,3485.2,2880.41,0.095,1000.0,0,,0.0,0.0,0.0,999.0,0,0.0,1,,,,,0,0,0.0,0.0,0,0,0,,0.0,0.0,0.0,0.0,0.0,0.0,0.0,0.0,
2026-04-26 14:19:34.516202,HRTBT,PAPER,KXBTC15M-26APR261030-30,,0,0,10.42,77998.39,77962.07,73,25,75,27,2,2944.42,2340.0,0.114,1000.0,0,,0.0,0.0,0.0,999.0,0,0.0,1,,,,,0,0,0.0,0.0,0,0,0,,0.0,0.0,0.0,0.0,0.0,0.0,0.0,0.0,
2026-04-26 14:19:44.528421,HRTBT,PAPER,KXBTC15M-26APR261030-30,,0,0,10.26,78039.58,77962.07,90,16,84,10,-6,2541.7699999999995,4835.719999999999,-0.311,1000.0,0,,0.0,0.0,0.0,999.0,0,0.0,1,,,,,0,0,0.0,0.0,0,0,0,,0.0,0.0,0.0,0.0,0.0,0.0,0.0,0.0,
2026-04-26 14:19:54.613768,HRTBT,PAPER,KXBTC15M-26APR261030-30,,0,0,10.09,78034.48,77962.07,89,16,84,11,-5,3034.03,3948.4700000000003,-0.131,1000.0,0,,0.0,0.0,0.0,999.0,0,0.1,1,,,,,0,0,0.0,0.0,0,0,0,,0.0,0.0,0.0,0.0,0.0,0.0,0.0,0.0,
2026-04-26 14:20:04.657742,HRTBT,PAPER,KXBTC15M-26APR261030-30,,0,0,9.92,78038.46,77962.07,89,10,90,11,1,3327.75,669.55,0.665,1000.0,0,,0.0,0.0,0.0,999.0,0,0.2,1,,,,,0,0,0.0,0.0,0,0,0,,0.0,0.0,0.0,0.0,0.0,0.0,0.0,0.0,
2026-04-26 14:20:14.675434,HRTBT,PAPER,KXBTC15M-26APR261030-30,,0,0,9.76,78129.43,77962.07,96,4,96,4,0,2162.0400000000004,2327.7200000000003,-0.037,1000.0,0,,0.0,0.0,0.0,999.0,0,0.2,1,,,,,0,0,0.0,0.0,0,0,0,,0.0,0.0,0.0,0.0,0.0,0.0,0.0,0.0,
2026-04-26 14:20:24.687452,HRTBT,PAPER,KXBTC15M-26APR261030-30,,0,0,9.59,78154.93,77962.07,96,3,97,4,1,9496.800000000001,3957.0600000000004,0.412,1000.0,0,,0.0,0.0,0.0,999.0,0,0.3,1,,,,,0,0,0.0,0.0,0,0,0,,0.0,0.0,0.0,0.0,0.0,0.0,0.0,0.0,
2026-04-26 14:20:34.697858,HRTBT,PAPER,KXBTC15M-26APR261030-30,,0,0,9.42,78097.99,77962.07,96,4,96,4,0,5626.82,5668.63,-0.004,1000.0,0,,0.0,0.0,0.0,999.0,0,0.3,1,,,,,0,0,0.0,0.0,0,0,0,,0.0,0.0,0.0,0.0,0.0,0.0,0.0,0.0,
2026-04-26 14:20:44.713853,HRTBT,PAPER,KXBTC15M-26APR261030-30,,0,0,9.25,78123.04,77962.07,96,4,96,4,0,6292.160000000001,3335.0800000000004,0.307,1000.0,0,,0.0,0.0,0.0,999.0,0,0.0,1,,,,,0,0,0.0,0.0,0,0,0,,0.0,0.0,0.0,0.0,0.0,0.0,0.0,0.0,
2026-04-26 14:20:54.724297,HRTBT,PAPER,KXBTC15M-26APR261030-30,,0,0,9.09,78134.46,77962.07,96,3,97,4,1,8038.879999999999,3565.55,0.385,1000.0,0,,0.0,0.0,0.0,999.0,0,0.0,1,,,,,0,0,0.0,0.0,0,0,0,,0.0,0.0,0.0,0.0,0.0,0.0,0.0,0.0,
2026-04-26 14:21:04.742277,HRTBT,PAPER,KXBTC15M-26APR261030-30,,0,0,8.92,78132.89,77962.07,97,2,98,3,1,5411.760000000003,3050.8400000000006,0.279,1000.0,0,,0.0,0.0,0.0,999.0,0,0.0,1,,,,,0,0,0.0,0.0,0,0,0,,0.0,0.0,0.0,0.0,0.0,0.0,0.0,0.0,
2026-04-26 14:21:14.755736,HRTBT,PAPER,KXBTC15M-26APR261030-30,,0,0,8.75,78155.83,77962.07,98,2,98,2,0,8788.89,1197.81,0.76,1000.0,0,,0.0,0.0,0.0,999.0,0,0.0,1,,,,,0,0,0.0,0.0,0,0,0,,0.0,0.0,0.0,0.0,0.0,0.0,0.0,0.0,
2026-04-26 14:21:24.768734,HRTBT,PAPER,KXBTC15M-26APR261030-30,,0,0,8.59,78168.1,77962.07,96,2,98,4,2,6100.319999999999,1134.9999999999995,0.686,1000.0,0,,0.0,0.0,0.0,999.0,0,0.1,1,,,,,0,0,0.0,0.0,0,0,0,,0.0,0.0,0.0,0.0,0.0,0.0,0.0,0.0,
2026-04-26 14:21:34.782132,HRTBT,PAPER,KXBTC15M-26APR261030-30,,0,0,8.42,78172.99,77962.07,97,3,97,3,0,4307.01,1127.5399999999995,0.585,1000.0,0,,0.0,0.0,0.0,999.0,0,0.1,1,,,,,0,0,0.0,0.0,0,0,0,,0.0,0.0,0.0,0.0,0.0,0.0,0.0,0.0,
2026-04-26 14:21:44.796901,HRTBT,PAPER,KXBTC15M-26APR261030-30,,0,0,8.25,78172.24,77962.07,98,2,98,2,0,2627.35,4430.6,-0.255,1000.0,0,,0.0,0.0,0.0,999.0,0,0.1,1,,,,,0,0,0.0,0.0,0,0,0,,0.0,0.0,0.0,0.0,0.0,0.0,0.0,0.0,
2026-04-26 14:21:54.812162,HRTBT,PAPER,KXBTC15M-26APR261030-30,,0,0,8.09,78158.01,77962.07,98,4,96,2,-2,5411.2,5094.06,0.03,1000.0,0,,0.0,0.0,0.0,999.0,0,0.1,1,,,,,0,0,0.0,0.0,0,0,0,,0.0,0.0,0.0,0.0,0.0,0.0,0.0,0.0,
2026-04-26 14:22:02.931636,MODEL_RELOAD,PAPER,,,0,0,0.0,0.0,0,0,0,0,0,0,0,0,0.0,1000.0,0,,0.0,0.0,0,0.0,0,0.0,1,,,,,0,0,0.0,0.0,0,0,0,,0.0,0.0,0.0,0.0,0.0,0.0,0.0,0.0,Hot-reloaded model (trained 2026-04-26T14:15:40.364874+00:00) | 128 features | confidence_tau=0.6200 | kelly_win_rate=0.5398
2026-04-26 14:22:04.826947,HRTBT,PAPER,KXBTC15M-26APR261030-30,,0,0,7.92,78129.61,77962.07,98,4,96,2,-2,5546.09,4100.85,0.15,1000.0,0,,0.0,0.0,0.0,999.0,0,0.3,1,,,,,0,0,0.0,0.0,0,0,0,,0.0,0.0,0.0,0.0,0.0,0.0,0.0,0.0,
2026-04-26 14:22:14.842624,HRTBT,PAPER,KXBTC15M-26APR261030-30,,0,0,7.75,78136.15,77962.07,96,4,96,4,0,6028.8,2145.42,0.475,1000.0,0,,0.0,0.0,0.0,999.0,0,0.3,1,,,,,0,0,0.0,0.0,0,0,0,,0.0,0.0,0.0,0.0,0.0,0.0,0.0,0.0,
2026-04-26 14:22:24.858001,HRTBT,PAPER,KXBTC15M-26APR261030-30,,0,0,7.59,78136.15,77962.07,95,5,95,5,0,6022.81,3670.0,0.243,1000.0,0,,0.0,0.0,0.0,999.0,0,0.0,1,,,,,0,0,0.0,0.0,0,0,0,,0.0,0.0,0.0,0.0,0.0,0.0,0.0,0.0,
2026-04-26 14:22:34.869596,HRTBT,PAPER,KXBTC15M-26APR261030-30,,0,0,7.42,78126.33,77962.07,95,4,96,5,1,6082.8,3671.0,0.247,1000.0,0,,0.0,0.0,0.0,999.0,0,0.0,1,,,,,0,0,0.0,0.0,0,0,0,,0.0,0.0,0.0,0.0,0.0,0.0,0.0,0.0,
2026-04-26 14:22:44.943747,HRTBT,PAPER,KXBTC15M-26APR261030-30,,0,0,7.25,78126.39,77962.07,96,4,96,4,0,4658.64,2691.89,0.268,1000.0,0,,0.0,0.0,0.0,999.0,0,0.1,1,,,,,0,0,0.0,0.0,0,0,0,,0.0,0.0,0.0,0.0,0.0,0.0,0.0,0.0,
2026-04-26 14:22:55.068418,HRTBT,PAPER,KXBTC15M-26APR261030-30,,0,0,7.08,78109.92,77962.07,96,4,96,4,0,5750.980000000001,3837.79,0.2,1000.0,0,,0.0,0.0,0.0,999.0,0,0.1,1,,,,,0,0,0.0,0.0,0,0,0,,0.0,0.0,0.0,0.0,0.0,0.0,0.0,0.0,
2026-04-26 14:23:05.079864,HRTBT,PAPER,KXBTC15M-26APR261030-30,,0,0,6.92,78106.45,77962.07,96,4,96,4,0,5777.390000000001,4758.78,0.097,1000.0,0,,0.0,0.0,0.0,999.0,0,0.2,1,,,,,0,0,0.0,0.0,0,0,0,,0.0,0.0,0.0,0.0,0.0,0.0,0.0,0.0,
2026-04-26 14:23:15.093625,HRTBT,PAPER,KXBTC15M-26APR261030-30,,0,0,6.75,78119.76,77962.07,96,4,96,4,0,6593.03,2842.27,0.398,1000.0,0,,0.0,0.0,0.0,999.0,0,0.3,1,,,,,0,0,0.0,0.0,0,0,0,,0.0,0.0,0.0,0.0,0.0,0.0,0.0,0.0,
2026-04-26 14:23:25.105143,HRTBT,PAPER,KXBTC15M-26APR261030-30,,0,0,6.58,78109.92,77962.07,96,4,96,4,0,8298.08,2277.62,0.569,1000.0,0,,0.0,0.0,0.0,999.0,0,0.3,1,,,,,0,0,0.0,0.0,0,0,0,,0.0,0.0,0.0,0.0,0.0,0.0,0.0,0.0,
2026-04-26 14:23:35.115163,HRTBT,PAPER,KXBTC15M-26APR261030-30,,0,0,6.41,78106.64,77962.07,96,3,97,4,1,9210.33,2457.0,0.579,1000.0,0,,0.0,0.0,0.0,999.0,0,0.0,1,,,,,0,0,0.0,0.0,0,0,0,,0.0,0.0,0.0,0.0,0.0,0.0,0.0,0.0,
2026-04-26 14:23:45.126880,HRTBT,PAPER,KXBTC15M-26APR261030-30,,0,0,6.25,78083.68,77962.07,96,4,96,4,0,3397.1099999999997,3566.0,-0.024,1000.0,0,,0.0,0.0,0.0,999.0,0,0.0,1,,,,,0,0,0.0,0.0,0,0,0,,0.0,0.0,0.0,0.0,0.0,0.0,0.0,0.0,
2026-04-26 14:23:55.138963,HRTBT,PAPER,KXBTC15M-26APR261030-30,,0,0,6.08,78083.54,77962.07,95,4,96,5,1,4842.62,4399.9,0.048,1000.0,0,,0.0,0.0,0.0,999.0,0,0.0,1,,,,,0,0,0.0,0.0,0,0,0,,0.0,0.0,0.0,0.0,0.0,0.0,0.0,0.0,
2026-04-26 14:24:05.152539,HRTBT,PAPER,KXBTC15M-26APR261030-30,,0,0,5.91,78082.89,77962.07,97,2,98,3,1,5366.940000000001,3255.0,0.245,1000.0,0,,0.0,0.0,0.0,999.0,0,0.0,1,,,,,0,0,0.0,0.0,0,0,0,,0.0,0.0,0.0,0.0,0.0,0.0,0.0,0.0,
2026-04-26 14:24:15.166030,HRTBT,PAPER,KXBTC15M-26APR261030-30,,0,0,5.75,78093.52,77962.07,96,4,96,4,0,6962.780000000001,3391.99,0.345,1000.0,0,,0.0,0.0,0.0,999.0,0,0.1,1,,,,,0,0,0.0,0.0,0,0,0,,0.0,0.0,0.0,0.0,0.0,0.0,0.0,0.0,
2026-04-26 14:24:25.179090,HRTBT,PAPER,KXBTC15M-26APR261030-30,,0,0,5.58,78080.42,77962.07,96,4,96,4,0,6340.430000000001,4426.27,0.178,1000.0,0,,0.0,0.0,0.0,999.0,0,0.1,1,,,,,0,0,0.0,0.0,0,0,0,,0.0,0.0,0.0,0.0,0.0,0.0,0.0,0.0,
2026-04-26 14:24:35.192135,HRTBT,PAPER,KXBTC15M-26APR261030-30,,0,0,5.41,78071.07,77962.07,96,5,95,4,-1,3463.7800000000016,4577.400000000001,-0.138,1000.0,0,,0.0,0.0,0.0,999.0,0,0.1,1,,,,,0,0,0.0,0.0,0,0,0,,0.0,0.0,0.0,0.0,0.0,0.0,0.0,0.0,
2026-04-26 14:24:45.213810,HRTBT,PAPER,KXBTC15M-26APR261030-30,,0,0,5.25,78071.07,77962.07,95,5,95,5,0,2381.94,3142.0499999999997,-0.138,1000.0,0,,0.0,0.0,0.0,999.0,0,0.3,1,,,,,0,0,0.0,0.0,0,0,0,,0.0,0.0,0.0,0.0,0.0,0.0,0.0,0.0,
2026-04-26 14:24:55.239200,HRTBT,PAPER,KXBTC15M-26APR261030-30,,0,0,5.08,78072.54,77962.07,95,5,95,5,0,4638.68,4221.22,0.047,1000.0,0,,0.0,0.0,0.0,999.0,0,0.4,1,,,,,0,0,0.0,0.0,0,0,0,,0.0,0.0,0.0,0.0,0.0,0.0,0.0,0.0,
2026-04-26 14:25:05.318731,HRTBT,PAPER,KXBTC15M-26APR261030-30,,0,0,4.91,78065.82,77962.07,96,4,96,4,0,5763.85,3792.27,0.206,1000.0,0,,0.0,0.0,0.0,999.0,0,0.0,1,,,,,0,0,0.0,0.0,0,0,0,,0.0,0.0,0.0,0.0,0.0,0.0,0.0,0.0,
2026-04-26 14:25:15.463450,HRTBT,PAPER,KXBTC15M-26APR261030-30,,0,0,4.74,78069.23,77962.07,97,3,97,3,0,7299.86,2187.81,0.539,1000.0,0,,0.0,0.0,0.0,999.0,0,0.1,1,,,,,0,0,0.0,0.0,0,0,0,,0.0,0.0,0.0,0.0,0.0,0.0,0.0,0.0,
2026-04-26 14:25:25.493534,HRTBT,PAPER,KXBTC15M-26APR261030-30,,0,0,4.58,78067.27,77962.07,97,3,97,3,0,8129.96,2120.0,0.586,1000.0,0,,0.0,0.0,0.0,999.0,0,0.1,1,,,,,0,0,0.0,0.0,0,0,0,,0.0,0.0,0.0,0.0,0.0,0.0,0.0,0.0,
2026-04-26 14:25:35.521435,HRTBT,PAPER,KXBTC15M-26APR261030-30,,0,0,4.41,78077.11,77962.07,98,2,98,2,0,6653.37,842.0,0.775,1000.0,0,,0.0,0.0,0.0,999.0,0,0.2,1,,,,,0,0,0.0,0.0,0,0,0,,0.0,0.0,0.0,0.0,0.0,0.0,0.0,0.0,
2026-04-26 14:25:50.958442,HRTBT,PAPER,KXBTC15M-26APR261030-30,,0,0,4.15,0.0,77962.07,99,1,99,1,0,41.55,235.45,-0.7,1000.0,0,,0.0,0.0,0.0,999.0,0,0.1,1,,,,,0,0,0.0,0.0,0,0,0,,0.0,0.0,0.0,0.0,0.0,0.0,0.0,0.0,
2026-04-26 14:26:00.971946,HRTBT,PAPER,KXBTC15M-26APR261030-30,,0,0,3.98,78087.21,77962.07,98,1,99,2,1,1161.34,850.8000000000001,0.154,1000.0,0,,0.0,0.0,0.0,999.0,0,0.0,1,,,,,0,0,0.0,0.0,0,0,0,,0.0,0.0,0.0,0.0,0.0,0.0,0.0,0.0,
2026-04-26 14:26:10.985485,HRTBT,PAPER,KXBTC15M-26APR261030-30,,0,0,3.82,78087.23,77962.07,99,0,99,1,0,3139.74,0,1.0,1000.0,0,,0.0,0.0,0.0,999.0,0,0.0,1,,,,,0,0,0.0,0.0,0,0,0,,0.0,0.0,0.0,0.0,0.0,0.0,0.0,0.0,
2026-04-26 14:26:21.020839,HRTBT,PAPER,KXBTC15M-26APR261030-30,,0,0,3.65,78092.35,77962.07,99,0,99,1,0,4410.53,0,1.0,1000.0,0,,0.0,0.0,0.0,999.0,0,0.0,1,,,,,0,0,0.0,0.0,0,0,0,,0.0,0.0,0.0,0.0,0.0,0.0,0.0,0.0,
2026-04-26 14:26:31.034652,HRTBT,PAPER,KXBTC15M-26APR261030-30,,0,0,3.48,78092.45,77962.07,99,1,99,1,0,4698.450000000001,28.27,0.988,1000.0,0,,0.0,0.0,0.0,999.0,0,0.7,1,,,,,0,0,0.0,0.0,0,0,0,,0.0,0.0,0.0,0.0,0.0,0.0,0.0,0.0,
2026-04-26 14:26:41.060839,HRTBT,PAPER,KXBTC15M-26APR261030-30,,0,0,3.32,78092.45,77962.07,99,0,99,1,0,12113.550000000001,0,1.0,1000.0,0,,0.0,0.0,0.0,999.0,0,0.8,1,,,,,0,0,0.0,0.0,0,0,0,,0.0,0.0,0.0,0.0,0.0,0.0,0.0,0.0,
2026-04-26 14:26:51.087356,HRTBT,PAPER,KXBTC15M-26APR261030-30,,0,0,3.15,78103.36,77962.07,99,1,99,1,0,1283.02,3.0,0.995,1000.0,0,,0.0,0.0,0.0,999.0,0,0.4,1,,,,,0,0,0.0,0.0,0,0,0,,0.0,0.0,0.0,0.0,0.0,0.0,0.0,0.0,
2026-04-26 14:27:01.099122,HRTBT,PAPER,KXBTC15M-26APR261030-30,,0,0,2.98,78074.98,77962.07,99,1,99,1,0,5611.94,69.0,0.976,1000.0,0,,0.0,0.0,0.0,999.0,0,0.2,1,,,,,0,0,0.0,0.0,0,0,0,,0.0,0.0,0.0,0.0,0.0,0.0,0.0,0.0,
2026-04-26 14:27:11.133068,HRTBT,PAPER,KXBTC15M-26APR261030-30,,0,0,2.81,78074.98,77962.07,99,0,99,1,0,6121.79,0,1.0,1000.0,0,,0.0,0.0,0.0,999.0,0,0.0,1,,,,,0,0,0.0,0.0,0,0,0,,0.0,0.0,0.0,0.0,0.0,0.0,0.0,0.0,
2026-04-26 14:27:21.200506,HRTBT,PAPER,KXBTC15M-26APR261030-30,,0,0,2.65,78067.29,77962.07,99,0,99,1,0,5295.02,0,1.0,1000.0,0,,0.0,0.0,0.0,999.0,0,0.1,1,,,,,0,0,0.0,0.0,0,0,0,,0.0,0.0,0.0,0.0,0.0,0.0,0.0,0.0,
2026-04-26 14:27:37.879421,HRTBT,PAPER,KXBTC15M-26APR261030-30,,0,0,2.37,0.0,77962.07,99,0,99,1,0,22.0,0,1.0,1000.0,0,,0.0,0.0,0.0,999.0,0,0.0,1,,,,,0,0,0.0,0.0,0,0,0,,0.0,0.0,0.0,0.0,0.0,0.0,0.0,0.0,
2026-04-26 14:27:47.906367,HRTBT,PAPER,KXBTC15M-26APR261030-30,,0,0,2.2,78057.45,77962.07,99,0,99,1,0,6152.49,0,1.0,1000.0,0,,0.0,0.0,0.0,999.0,0,0.1,1,,,,,0,0,0.0,0.0,0,0,0,,0.0,0.0,0.0,0.0,0.0,0.0,0.0,0.0,
2026-04-26 14:27:57.918235,HRTBT,PAPER,KXBTC15M-26APR261030-30,,0,0,2.03,78050.01,77962.07,99,0,99,1,0,6033.49,0,1.0,1000.0,0,,0.0,0.0,0.0,999.0,0,0.0,1,,,,,0,0,0.0,0.0,0,0,0,,0.0,0.0,0.0,0.0,0.0,0.0,0.0,0.0,
2026-04-26 14:28:07.952279,HRTBT,PAPER,KXBTC15M-26APR261030-30,,0,0,1.87,78055.08,77962.07,99,0,99,1,0,7368.37,0,1.0,1000.0,0,,0.0,0.0,0.0,999.0,0,0.7,1,,,,,0,0,0.0,0.0,0,0,0,,0.0,0.0,0.0,0.0,0.0,0.0,0.0,0.0,
2026-04-26 14:28:17.966678,HRTBT,PAPER,KXBTC15M-26APR261030-30,,0,0,1.7,78055.08,77962.07,99,0,99,1,0,7428.37,0,1.0,1000.0,0,,0.0,0.0,0.0,999.0,0,0.1,1,,,,,0,0,0.0,0.0,0,0,0,,0.0,0.0,0.0,0.0,0.0,0.0,0.0,0.0,
2026-04-26 14:28:27.979874,HRTBT,PAPER,KXBTC15M-26APR261030-30,,0,0,1.53,78044.61,77962.07,99,0,99,1,0,8605.369999999999,0,1.0,1000.0,0,,0.0,0.0,0.0,999.0,0,0.2,1,,,,,0,0,0.0,0.0,0,0,0,,0.0,0.0,0.0,0.0,0.0,0.0,0.0,0.0,
2026-04-26 14:28:37.993825,HRTBT,PAPER,KXBTC15M-26APR261030-30,,0,0,1.37,78049.67,77962.07,99,0,99,1,0,5348.07,0,1.0,1000.0,0,,0.0,0.0,0.0,999.0,0,0.4,1,,,,,0,0,0.0,0.0,0,0,0,,0.0,0.0,0.0,0.0,0.0,0.0,0.0,0.0,
2026-04-26 14:28:48.015009,HRTBT,PAPER,KXBTC15M-26APR261030-30,,0,0,1.2,78054.15,77962.07,99,0,99,1,0,4140.0,0,1.0,1000.0,0,,0.0,0.0,0.0,999.0,0,0.4,1,,,,,0,0,0.0,0.0,0,0,0,,0.0,0.0,0.0,0.0,0.0,0.0,0.0,0.0,
2026-04-26 14:28:58.043323,HRTBT,PAPER,KXBTC15M-26APR261030-30,,0,0,1.03,78060.71,77962.07,99,0,99,1,0,2016.1399999999999,0,1.0,1000.0,0,,0.0,0.0,0.0,999.0,0,0.3,1,,,,,0,0,0.0,0.0,0,0,0,,0.0,0.0,0.0,0.0,0.0,0.0,0.0,0.0,
2026-04-26 14:29:08.062202,HRTBT,PAPER,KXBTC15M-26APR261030-30,,0,0,0.87,78066.32,77962.07,99,0,99,1,0,864.96,0,1.0,1000.0,0,,0.0,0.0,0.0,999.0,0,0.5,1,,,,,0,0,0.0,0.0,0,0,0,,0.0,0.0,0.0,0.0,0.0,0.0,0.0,0.0,
2026-04-26 14:29:18.076009,HRTBT,PAPER,KXBTC15M-26APR261030-30,,0,0,0.7,78086.96,77962.07,99,0,99,1,0,2009.96,0,1.0,1000.0,0,,0.0,0.0,0.0,999.0,0,0.1,1,,,,,0,0,0.0,0.0,0,0,0,,0.0,0.0,0.0,0.0,0.0,0.0,0.0,0.0,
2026-04-26 14:29:28.090959,HRTBT,PAPER,KXBTC15M-26APR261030-30,,0,0,0.53,78087.51,77962.07,99,0,99,1,0,2338.96,0,1.0,1000.0,0,,0.0,0.0,0.0,999.0,0,0.1,1,,,,,0,0,0.0,0.0,0,0,0,,0.0,0.0,0.0,0.0,0.0,0.0,0.0,0.0,
2026-04-26 14:29:38.109717,HRTBT,PAPER,KXBTC15M-26APR261030-30,,0,0,0.36,78073.85,77962.07,99,0,99,1,0,1273.96,0,1.0,1000.0,0,,0.0,0.0,0.0,999.0,0,0.1,1,,,,,0,0,0.0,0.0,0,0,0,,0.0,0.0,0.0,0.0,0.0,0.0,0.0,0.0,
2026-04-26 14:29:48.122397,HRTBT,PAPER,KXBTC15M-26APR261030-30,,0,0,0.2,78072.15,77962.07,99,0,99,1,0,1393.96,0,1.0,1000.0,0,,0.0,0.0,0.0,999.0,0,0.2,1,,,,,0,0,0.0,0.0,0,0,0,,0.0,0.0,0.0,0.0,0.0,0.0,0.0,0.0,
2026-04-26 14:29:58.138227,HRTBT,PAPER,KXBTC15M-26APR261030-30,,0,0,0.03,78079.72,77962.07,99,0,99,1,0,1050.0,0,1.0,1000.0,0,,0.0,0.0,0.0,999.0,0,0.2,1,,,,,0,0,0.0,0.0,0,0,0,,0.0,0.0,0.0,0.0,0.0,0.0,0.0,0.0,
2026-04-26 14:30:35.127314,HRTBT,PAPER,KXBTC15M-26APR261045-45,,0,0,14.41,78073.85,78079.41,44,55,45,56,1,2597.49,2591.0699999999997,0.001,1000.0,0,,0.0,0.0,0.0,999.0,0,0.0,1,,,,,0,0,0.0,0.0,0,0,0,,0.0,0.0,0.0,0.0,0.0,0.0,0.0,0.0,
2026-04-26 14:30:49.759025,HRTBT,PAPER,KXBTC15M-26APR261045-45,,0,0,14.17,78080.95,78079.41,51,50,50,49,-1,1650.5199999999998,3230.2000000000007,-0.324,1000.0,0,,0.0,0.0,0.0,999.0,0,0.0,1,,,,,0,0,0.0,0.0,0,0,0,,0.0,0.0,0.0,0.0,0.0,0.0,0.0,0.0,
2026-04-26 14:31:00.852405,HRTBT,PAPER,KXBTC15M-26APR261045-45,,0,0,13.99,78075.62,78079.41,51,53,47,49,-4,3090.66,2962.8399999999997,0.021,1000.0,0,,0.0,0.0,0.0,999.0,0,0.1,1,,,,,0,0,0.0,0.0,0,0,0,,0.0,0.0,0.0,0.0,0.0,0.0,0.0,0.0,
2026-04-26 14:31:12.108501,HRTBT,PAPER,KXBTC15M-26APR261045-45,,0,0,13.8,78064.89,78079.41,51,58,42,49,-9,2283.51,3201.51,-0.167,1000.0,0,,0.0,0.0,0.0,999.0,0,0.1,1,,,,,0,0,0.0,0.0,0,0,0,,0.0,0.0,0.0,0.0,0.0,0.0,0.0,0.0,
2026-04-26 14:31:23.448713,HRTBT,PAPER,KXBTC15M-26APR261045-45,,0,0,13.61,78044.61,78079.41,37,64,36,63,-1,3013.42,2591.77,0.075,1000.0,0,,0.0,0.0,0.0,999.0,0,0.0,1,,,,,0,0,0.0,0.0,0,0,0,,0.0,0.0,0.0,0.0,0.0,0.0,0.0,0.0,
2026-04-26 14:31:34.223012,HRTBT,PAPER,KXBTC15M-26APR261045-45,,0,0,13.43,78042.99,78079.41,37,65,35,63,-2,3176.88,1603.1299999999999,0.329,1000.0,0,,0.0,0.0,0.0,999.0,0,0.3,1,,,,,0,0,0.0,0.0,0,0,0,,0.0,0.0,0.0,0.0,0.0,0.0,0.0,0.0,
2026-04-26 14:31:49.826329,HRTBT,PAPER,KXBTC15M-26APR261045-45,,0,0,13.17,78029.83,78079.41,30,69,31,70,1,2398.28,2959.2200000000003,-0.105,1000.0,0,,0.0,0.0,0.0,999.0,0,0.1,1,,,,,0,0,0.0,0.0,0,0,0,,0.0,0.0,0.0,0.0,0.0,0.0,0.0,0.0,
2026-04-26 14:31:55.479269,SETTLE_VERIFIED,PAPER,KXBTC15M-26APR261030-30,,0,0,0.0,0.0,0,0,0,0,0,0,0,0,0.0,1000.0,0,,0.0,0.0,0,0.0,0,0.0,1,,,,,0,0,0.0,0.0,0,0,0,kalshi_api_no_position,78073.85,0.0,0.0,0.0,0.0,0.0,0.0,0.0,Market settled YES | no position held
2026-04-26 14:32:02.185940,HRTBT,PAPER,KXBTC15M-26APR261045-45,,0,0,12.96,78058.17,78079.41,41,60,40,59,-1,3278.8400000000006,3054.2,0.035,1000.0,0,,0.0,0.0,0.0,999.0,0,0.0,1,,,,,0,0,0.0,0.0,0,0,0,,0.0,0.0,0.0,0.0,0.0,0.0,0.0,0.0,
2026-04-26 14:32:23.100000,HRTBT,PAPER,KXBTC15M-26APR261045-45,,0,0,12.62,0.0,78079.41,34,65,35,66,1,3302.77,3615.0,-0.045,1000.0,0,,0.0,0.0,0.0,999.0,0,0.0,1,,,,,0,0,0.0,0.0,0,0,0,,0.0,0.0,0.0,0.0,0.0,0.0,0.0,0.0,
2026-04-26 14:32:33.113409,HRTBT,PAPER,KXBTC15M-26APR261045-45,,0,0,12.45,78037.76,78079.41,28,71,29,72,1,3321.77,3034.9,0.045,1000.0,0,,0.0,0.0,0.0,999.0,0,0.0,1,,,,,0,0,0.0,0.0,0,0,0,,0.0,0.0,0.0,0.0,0.0,0.0,0.0,0.0,
2026-04-26 14:32:43.165213,HRTBT,PAPER,KXBTC15M-26APR261045-45,,0,0,12.28,78035.04,78079.41,29,71,29,71,0,3638.0000000000005,2894.0,0.114,1000.0,0,,0.0,0.0,0.0,999.0,0,0.1,1,,,,,0,0,0.0,0.0,0,0,0,,0.0,0.0,0.0,0.0,0.0,0.0,0.0,0.0,
2026-04-26 14:32:53.259874,HRTBT,PAPER,KXBTC15M-26APR261045-45,,0,0,12.11,78045.26,78079.41,34,71,29,66,-5,3615.8199999999997,2920.38,0.106,1000.0,0,,0.0,0.0,0.0,999.0,0,0.1,1,,,,,0,0,0.0,0.0,0,0,0,,0.0,0.0,0.0,0.0,0.0,0.0,0.0,0.0,
2026-04-26 14:33:03.289308,HRTBT,PAPER,KXBTC15M-26APR261045-45,,0,0,11.95,78048.36,78079.41,34,71,29,66,-5,3520.12,2699.2000000000007,0.132,1000.0,0,,0.0,0.0,0.0,999.0,0,0.2,1,,,,,0,0,0.0,0.0,0,0,0,,0.0,0.0,0.0,0.0,0.0,0.0,0.0,0.0,
2026-04-26 14:33:13.313879,HRTBT,PAPER,KXBTC15M-26APR261045-45,,0,0,11.78,78050.88,78079.41,34,71,29,66,-5,4414.64,2880.650000000001,0.21,1000.0,0,,0.0,0.0,0.0,999.0,0,0.2,1,,,,,0,0,0.0,0.0,0,0,0,,0.0,0.0,0.0,0.0,0.0,0.0,0.0,0.0,
2026-04-26 14:33:23.418968,HRTBT,PAPER,KXBTC15M-26APR261045-45,,0,0,11.61,78055.64,78079.41,35,64,36,65,1,4584.49,2917.04,0.222,1000.0,0,,0.0,0.0,0.0,999.0,0,0.1,1,,,,,0,0,0.0,0.0,0,0,0,,0.0,0.0,0.0,0.0,0.0,0.0,0.0,0.0,
2026-04-26 14:33:33.446633,HRTBT,PAPER,KXBTC15M-26APR261045-45,,0,0,11.44,78076.8,78079.41,47,65,35,53,-12,2947.9,2654.19,0.052,1000.0,0,,0.0,0.0,0.0,999.0,0,0.0,1,,,,,0,0,0.0,0.0,0,0,0,,0.0,0.0,0.0,0.0,0.0,0.0,0.0,0.0,
2026-04-26 14:33:43.463724,HRTBT,PAPER,KXBTC15M-26APR261045-45,,0,0,11.28,78076.8,78079.41,46,65,35,54,-11,3248.3900000000003,2870.1500000000005,0.062,1000.0,0,,0.0,0.0,0.0,999.0,0,0.2,1,,,,,0,0,0.0,0.0,0,0,0,,0.0,0.0,0.0,0.0,0.0,0.0,0.0,0.0,
2026-04-26 14:33:54.569825,HRTBT,PAPER,KXBTC15M-26APR261045-45,,0,0,11.09,0.0,78079.41,58,41,59,42,1,1523.01,2858.0,-0.305,1000.0,0,,0.0,0.0,0.0,999.0,0,0.0,1,,,,,0,0,0.0,0.0,0,0,0,,0.0,0.0,0.0,0.0,0.0,0.0,0.0,0.0,
2026-04-26 14:34:04.655779,HRTBT,PAPER,KXBTC15M-26APR261045-45,,0,0,10.92,78084.79,78079.41,55,45,55,45,0,2874.94,2925.6799999999994,-0.009,1000.0,0,,0.0,0.0,0.0,999.0,0,0.2,1,,,,,0,0,0.0,0.0,0,0,0,,0.0,0.0,0.0,0.0,0.0,0.0,0.0,0.0,
2026-04-26 14:34:14.666728,HRTBT,PAPER,KXBTC15M-26APR261045-45,,0,0,10.76,78087.17,78079.41,55,45,55,45,0,2921.27,2736.01,0.033,1000.0,0,,0.0,0.0,0.0,999.0,0,0.2,1,,,,,0,0,0.0,0.0,0,0,0,,0.0,0.0,0.0,0.0,0.0,0.0,0.0,0.0,
2026-04-26 14:34:24.681082,HRTBT,PAPER,KXBTC15M-26APR261045-45,,0,0,10.59,78080.85,78079.41,54,48,52,46,-2,217.00000000000048,2994.8100000000004,-0.865,1000.0,0,,0.0,0.0,0.0,999.0,0,0.4,1,,,,,0,0,0.0,0.0,0,0,0,,0.0,0.0,0.0,0.0,0.0,0.0,0.0,0.0,
2026-04-26 14:34:34.759846,HRTBT,PAPER,KXBTC15M-26APR261045-45,,0,0,10.42,78080.86,78079.41,54,48,52,46,-2,418.0000000000005,2731.370000000001,-0.735,1000.0,0,,0.0,0.0,0.0,999.0,0,0.0,1,,,,,0,0,0.0,0.0,0,0,0,,0.0,0.0,0.0,0.0,0.0,0.0,0.0,0.0,
2026-04-26 14:34:44.836598,HRTBT,PAPER,KXBTC15M-26APR261045-45,,0,0,10.25,78080.86,78079.41,54,48,52,46,-2,72.64000000000048,2982.6100000000006,-0.952,1000.0,0,,0.0,0.0,0.0,999.0,0,0.2,1,,,,,0,0,0.0,0.0,0,0,0,,0.0,0.0,0.0,0.0,0.0,0.0,0.0,0.0,
2026-04-26 14:34:54.850480,HRTBT,PAPER,KXBTC15M-26APR261045-45,,0,0,10.09,78084.79,78079.41,54,45,55,46,1,2690.31,3066.55,-0.065,1000.0,0,,0.0,0.0,0.0,999.0,0,0.1,1,,,,,0,0,0.0,0.0,0,0,0,,0.0,0.0,0.0,0.0,0.0,0.0,0.0,0.0,
2026-04-26 14:35:04.871976,HRTBT,PAPER,KXBTC15M-26APR261045-45,,0,0,9.92,78093.21,78079.41,58,46,54,42,-4,2803.4300000000003,1462.1200000000001,0.314,1000.0,0,,0.0,0.0,0.0,999.0,0,0.1,1,,,,,0,0,0.0,0.0,0,0,0,,0.0,0.0,0.0,0.0,0.0,0.0,0.0,0.0,
2026-04-26 14:35:14.891408,HRTBT,PAPER,KXBTC15M-26APR261045-45,,0,0,9.75,78095.68,78079.41,58,46,54,42,-4,2775.02,3.000000000000237,0.998,1000.0,0,,0.0,0.0,0.0,999.0,0,0.0,1,,,,,0,0,0.0,0.0,0,0,0,,0.0,0.0,0.0,0.0,0.0,0.0,0.0,0.0,
2026-04-26 14:35:24.923281,HRTBT,PAPER,KXBTC15M-26APR261045-45,,0,0,9.58,78088.79,78079.41,58,41,59,42,1,2628.01,3861.07,-0.19,1000.0,0,,0.0,0.0,0.0,999.0,0,0.3,1,,,,,0,0,0.0,0.0,0,0,0,,0.0,0.0,0.0,0.0,0.0,0.0,0.0,0.0,
2026-04-26 14:35:35.027731,HRTBT,PAPER,KXBTC15M-26APR261045-45,,0,0,9.42,78086.96,78079.41,55,47,53,45,-2,1723.8900000000006,2868.83,-0.249,1000.0,0,,0.0,0.0,0.0,999.0,0,0.1,1,,,,,0,0,0.0,0.0,0,0,0,,0.0,0.0,0.0,0.0,0.0,0.0,0.0,0.0,
2026-04-26 14:36:01.753028,HRTBT,PAPER,KXBTC15M-26APR261045-45,,0,0,8.97,0.0,78079.41,34,65,35,66,1,1152.67,163.0,0.752,1000.0,0,,0.0,0.0,0.0,999.0,0,0.0,1,,,,,0,0,0.0,0.0,0,0,0,,0.0,0.0,0.0,0.0,0.0,0.0,0.0,0.0,
2026-04-26 14:36:11.943060,HRTBT,PAPER,KXBTC15M-26APR261045-45,,0,0,8.8,78070.01,78079.41,44,56,44,56,0,2844.4,2873.33,-0.005,1000.0,0,,0.0,0.0,0.0,999.0,0,0.0,1,,,,,0,0,0.0,0.0,0,0,0,,0.0,0.0,0.0,0.0,0.0,0.0,0.0,0.0,
2026-04-26 14:36:21.958768,HRTBT,PAPER,KXBTC15M-26APR261045-45,,0,0,8.63,78070.01,78079.41,44,56,44,56,0,2817.26,2889.33,-0.013,1000.0,0,,0.0,0.0,0.0,999.0,0,0.1,1,,,,,0,0,0.0,0.0,0,0,0,,0.0,0.0,0.0,0.0,0.0,0.0,0.0,0.0,
2026-04-26 14:36:32.118944,HRTBT,PAPER,KXBTC15M-26APR261045-45,,0,0,8.46,78065.64,78079.41,44,58,42,56,-2,2923.87,3246.5600000000004,-0.052,1000.0,0,,0.0,0.0,0.0,999.0,0,0.5,1,,,,,0,0,0.0,0.0,0,0,0,,0.0,0.0,0.0,0.0,0.0,0.0,0.0,0.0,
2026-04-26 14:36:42.156888,HRTBT,PAPER,KXBTC15M-26APR261045-45,,0,0,8.3,78052.92,78079.41,44,65,35,56,-9,2643.1200000000003,3091.67,-0.078,1000.0,0,,0.0,0.0,0.0,999.0,0,0.1,1,,,,,0,0,0.0,0.0,0,0,0,,0.0,0.0,0.0,0.0,0.0,0.0,0.0,0.0,
2026-04-26 14:36:52.197106,HRTBT,PAPER,KXBTC15M-26APR261045-45,,0,0,8.13,78060.71,78079.41,44,64,36,56,-8,2765.920000000001,734.0000000000005,0.581,1000.0,0,,0.0,0.0,0.0,999.0,0,0.0,1,,,,,0,0,0.0,0.0,0,0,0,,0.0,0.0,0.0,0.0,0.0,0.0,0.0,0.0,
2026-04-26 14:37:02.224014,HRTBT,PAPER,KXBTC15M-26APR261045-45,,0,0,7.96,78064.76,78079.41,41,58,42,59,1,3256.37,3121.2599999999998,0.021,1000.0,0,,0.0,0.0,0.0,999.0,0,0.0,1,,,,,0,0,0.0,0.0,0,0,0,,0.0,0.0,0.0,0.0,0.0,0.0,0.0,0.0,
2026-04-26 14:37:12.269045,HRTBT,PAPER,KXBTC15M-26APR261045-45,,0,0,7.8,78069.42,78079.41,43,58,42,57,-1,3642.37,2794.9800000000005,0.132,1000.0,0,,0.0,0.0,0.0,999.0,0,0.1,1,,,,,0,0,0.0,0.0,0,0,0,,0.0,0.0,0.0,0.0,0.0,0.0,0.0,0.0,
2026-04-26 14:37:22.285392,HRTBT,PAPER,KXBTC15M-26APR261045-45,,0,0,7.63,78069.42,78079.41,42,58,42,58,0,3191.6899999999996,3025.1000000000004,0.027,1000.0,0,,0.0,0.0,0.0,999.0,0,0.2,1,,,,,0,0,0.0,0.0,0,0,0,,0.0,0.0,0.0,0.0,0.0,0.0,0.0,0.0,
2026-04-26 14:37:32.302075,HRTBT,PAPER,KXBTC15M-26APR261045-45,,0,0,7.46,78066.71,78079.41,39,60,40,61,1,2927.45,3509.83,-0.09,1000.0,0,,0.0,0.0,0.0,999.0,0,0.2,1,,,,,0,0,0.0,0.0,0,0,0,,0.0,0.0,0.0,0.0,0.0,0.0,0.0,0.0,
2026-04-26 14:37:42.313804,HRTBT,PAPER,KXBTC15M-26APR261045-45,,0,0,7.29,78067.82,78079.41,43,62,38,57,-5,3140.3900000000003,2659.6500000000005,0.083,1000.0,0,,0.0,0.0,0.0,999.0,0,0.2,1,,,,,0,0,0.0,0.0,0,0,0,,0.0,0.0,0.0,0.0,0.0,0.0,0.0,0.0,
2026-04-26 14:37:52.326499,HRTBT,PAPER,KXBTC15M-26APR261045-45,,0,0,7.13,78067.82,78079.41,42,62,38,58,-4,3109.02,904.0000000000006,0.549,1000.0,0,,0.0,0.0,0.0,999.0,0,0.3,1,,,,,0,0,0.0,0.0,0,0,0,,0.0,0.0,0.0,0.0,0.0,0.0,0.0,0.0,
2026-04-26 14:38:02.338590,HRTBT,PAPER,KXBTC15M-26APR261045-45,,0,0,6.96,78080.39,78079.41,54,45,55,46,1,4172.52,3189.32,0.134,1000.0,0,,0.0,0.0,0.0,999.0,0,0.0,1,,,,,0,0,0.0,0.0,0,0,0,,0.0,0.0,0.0,0.0,0.0,0.0,0.0,0.0,
2026-04-26 14:38:12.377754,HRTBT,PAPER,KXBTC15M-26APR261045-45,,0,0,6.79,78090.24,78079.41,57,46,54,43,-3,3495.71,9.000000000000384,0.995,1000.0,0,,0.0,0.0,0.0,999.0,0,0.1,1,,,,,0,0,0.0,0.0,0,0,0,,0.0,0.0,0.0,0.0,0.0,0.0,0.0,0.0,
2026-04-26 14:38:22.433783,HRTBT,PAPER,KXBTC15M-26APR261045-45,,0,0,6.63,78090.36,78079.41,57,46,54,43,-3,4356.42,1005.8400000000006,0.625,1000.0,0,,0.0,0.0,0.0,999.0,0,0.0,1,,,,,0,0,0.0,0.0,0,0,0,,0.0,0.0,0.0,0.0,0.0,0.0,0.0,0.0,
2026-04-26 14:38:32.448614,HRTBT,PAPER,KXBTC15M-26APR261045-45,,0,0,6.46,78090.36,78079.41,56,43,57,44,1,3224.52,2975.88,0.04,1000.0,0,,0.0,0.0,0.0,999.0,0,0.1,1,,,,,0,0,0.0,0.0,0,0,0,,0.0,0.0,0.0,0.0,0.0,0.0,0.0,0.0,
2026-04-26 14:38:42.467834,HRTBT,PAPER,KXBTC15M-26APR261045-45,,0,0,6.29,78080.4,78079.41,49,50,50,51,1,573.0000000000005,3513.57,-0.72,1000.0,0,,0.0,0.0,0.0,999.0,0,0.1,1,,,,,0,0,0.0,0.0,0,0,0,,0.0,0.0,0.0,0.0,0.0,0.0,0.0,0.0,
2026-04-26 14:38:52.488375,HRTBT,PAPER,KXBTC15M-26APR261045-45,,0,0,6.13,78080.4,78079.41,47,53,47,53,0,1912.9900000000005,2812.83,-0.19,1000.0,0,,0.0,0.0,0.0,999.0,0,0.2,1,,,,,0,0,0.0,0.0,0,0,0,,0.0,0.0,0.0,0.0,0.0,0.0,0.0,0.0,
2026-04-26 14:39:08.992331,HRTBT,PAPER,KXBTC15M-26APR261045-45,,0,0,5.85,0.0,78079.41,62,37,63,38,1,2461.8599999999997,1620.0,0.206,1000.0,0,,0.0,0.0,0.0,999.0,0,0.0,1,,,,,0,0,0.0,0.0,0,0,0,,0.0,0.0,0.0,0.0,0.0,0.0,0.0,0.0,
2026-04-26 14:39:19.043492,HRTBT,PAPER,KXBTC15M-26APR261045-45,,0,0,5.68,78089.74,78079.41,63,39,61,37,-2,1614.690000000001,2692.09,-0.25,1000.0,0,,0.0,0.0,0.0,999.0,0,0.0,1,,,,,0,0,0.0,0.0,0,0,0,,0.0,0.0,0.0,0.0,0.0,0.0,0.0,0.0,
2026-04-26 14:39:29.056667,HRTBT,PAPER,KXBTC15M-26APR261045-45,,0,0,5.52,78089.92,78079.41,63,39,61,37,-2,1941.400000000001,2849.4700000000003,-0.19,1000.0,0,,0.0,0.0,0.0,999.0,0,0.0,1,,,,,0,0,0.0,0.0,0,0,0,,0.0,0.0,0.0,0.0,0.0,0.0,0.0,0.0,
2026-04-26 14:39:39.091103,HRTBT,PAPER,KXBTC15M-26APR261045-45,,0,0,5.35,78096.18,78079.41,64,39,61,36,-3,3023.1700000000014,1806.0800000000004,0.252,1000.0,0,,0.0,0.0,0.0,999.0,0,0.1,1,,,,,0,0,0.0,0.0,0,0,0,,0.0,0.0,0.0,0.0,0.0,0.0,0.0,0.0,
2026-04-26 14:39:49.104664,HRTBT,PAPER,KXBTC15M-26APR261045-45,,0,0,5.18,78100.67,78079.41,70,39,61,30,-9,3194.7400000000007,8.000000000000407,0.995,1000.0,0,,0.0,0.0,0.0,999.0,0,0.1,1,,,,,0,0,0.0,0.0,0,0,0,,0.0,0.0,0.0,0.0,0.0,0.0,0.0,0.0,
2026-04-26 14:39:59.116579,HRTBT,PAPER,KXBTC15M-26APR261045-45,,0,0,5.01,78092.17,78079.41,72,39,61,28,-11,2916.350000000001,103.00000000000087,0.932,1000.0,0,,0.0,0.0,0.0,999.0,0,0.2,1,,,,,0,0,0.0,0.0,0,0,0,,0.0,0.0,0.0,0.0,0.0,0.0,0.0,0.0,
2026-04-26 14:40:09.127194,HRTBT,PAPER,KXBTC15M-26APR261045-45,,0,0,4.85,78096.83,78079.41,70,27,73,30,3,3067.05,4710.45,-0.211,1000.0,0,,0.0,0.0,0.0,999.0,0,0.2,1,,,,,0,0,0.0,0.0,0,0,0,,0.0,0.0,0.0,0.0,0.0,0.0,0.0,0.0,
2026-04-26 14:40:19.142167,HRTBT,PAPER,KXBTC15M-26APR261045-45,,0,0,4.68,78099.64,78079.41,74,27,73,26,-1,4357.990000000001,3239.9799999999996,0.147,1000.0,0,,0.0,0.0,0.0,999.0,0,0.0,1,,,,,0,0,0.0,0.0,0,0,0,,0.0,0.0,0.0,0.0,0.0,0.0,0.0,0.0,
2026-04-26 14:40:29.161431,HRTBT,PAPER,KXBTC15M-26APR261045-45,,0,0,4.51,78113.2,78079.41,84,27,73,16,-11,2982.0,2101.4500000000003,0.173,1000.0,0,,0.0,0.0,0.0,999.0,0,0.0,1,,,,,0,0,0.0,0.0,0,0,0,,0.0,0.0,0.0,0.0,0.0,0.0,0.0,0.0,
2026-04-26 14:40:39.177234,HRTBT,PAPER,KXBTC15M-26APR261045-45,,0,0,4.35,78116.21,78079.41,86,13,87,14,1,2887.72,3433.79,-0.086,1000.0,0,,0.0,0.0,0.0,999.0,0,0.1,1,,,,,0,0,0.0,0.0,0,0,0,,0.0,0.0,0.0,0.0,0.0,0.0,0.0,0.0,
2026-04-26 14:40:49.191612,HRTBT,PAPER,KXBTC15M-26APR261045-45,,0,0,4.18,78116.42,78079.41,88,11,89,12,1,4403.0,4312.3,0.01,1000.0,0,,0.0,0.0,0.0,999.0,0,0.1,1,,,,,0,0,0.0,0.0,0,0,0,,0.0,0.0,0.0,0.0,0.0,0.0,0.0,0.0,
2026-04-26 14:40:59.235354,HRTBT,PAPER,KXBTC15M-26APR261045-45,,0,0,4.01,78116.42,78079.41,88,11,89,12,1,3156.5199999999995,4211.21,-0.143,1000.0,0,,0.0,0.0,0.0,999.0,0,0.1,1,,,,,0,0,0.0,0.0,0,0,0,,0.0,0.0,0.0,0.0,0.0,0.0,0.0,0.0,
2026-04-26 14:41:09.248502,HRTBT,PAPER,KXBTC15M-26APR261045-45,,0,0,3.85,78115.26,78079.41,88,10,90,12,2,4355.65,3043.39,0.177,1000.0,0,,0.0,0.0,0.0,999.0,0,0.2,1,,,,,0,0,0.0,0.0,0,0,0,,0.0,0.0,0.0,0.0,0.0,0.0,0.0,0.0,
2026-04-26 14:41:19.260798,HRTBT,PAPER,KXBTC15M-26APR261045-45,,0,0,3.68,78109.84,78079.41,89,10,90,11,1,2658.92,2289.56,0.075,1000.0,0,,0.0,0.0,0.0,999.0,0,0.1,1,,,,,0,0,0.0,0.0,0,0,0,,0.0,0.0,0.0,0.0,0.0,0.0,0.0,0.0,
2026-04-26 14:41:29.273879,HRTBT,PAPER,KXBTC15M-26APR261045-45,,0,0,3.51,78107.89,78079.41,92,8,92,8,0,2825.0,5782.3,-0.344,1000.0,0,,0.0,0.0,0.0,999.0,0,0.2,1,,,,,0,0,0.0,0.0,0,0,0,,0.0,0.0,0.0,0.0,0.0,0.0,0.0,0.0,
2026-04-26 14:41:39.287457,HRTBT,PAPER,KXBTC15M-26APR261045-45,,0,0,3.35,78121.99,78079.41,93,7,93,7,0,6506.0,4203.42,0.215,1000.0,0,,0.0,0.0,0.0,999.0,0,0.2,1,,,,,0,0,0.0,0.0,0,0,0,,0.0,0.0,0.0,0.0,0.0,0.0,0.0,0.0,
2026-04-26 14:41:49.301423,HRTBT,PAPER,KXBTC15M-26APR261045-45,,0,0,3.18,78137.6,78079.41,97,2,98,3,1,8216.05,4208.960000000001,0.323,1000.0,0,,0.0,0.0,0.0,999.0,0,0.3,1,,,,,0,0,0.0,0.0,0,0,0,,0.0,0.0,0.0,0.0,0.0,0.0,0.0,0.0,
2026-04-26 14:41:59.315938,HRTBT,PAPER,KXBTC15M-26APR261045-45,,0,0,3.01,78136.15,78079.41,98,3,97,2,-1,6858.58,8475.95,-0.105,1000.0,0,,0.0,0.0,0.0,999.0,0,0.0,1,,,,,0,0,0.0,0.0,0,0,0,,0.0,0.0,0.0,0.0,0.0,0.0,0.0,0.0,
2026-04-26 14:42:09.330314,HRTBT,PAPER,KXBTC15M-26APR261045-45,,0,0,2.84,78136.04,78079.41,98,3,97,2,-1,3977.8799999999997,2914.000000000001,0.154,1000.0,0,,0.0,0.0,0.0,999.0,0,0.1,1,,,,,0,0,0.0,0.0,0,0,0,,0.0,0.0,0.0,0.0,0.0,0.0,0.0,0.0,
2026-04-26 14:42:19.341765,HRTBT,PAPER,KXBTC15M-26APR261045-45,,0,0,2.68,78117.15,78079.41,98,8,92,2,-6,1081.0000000000002,1732.95,-0.232,1000.0,0,,0.0,0.0,0.0,999.0,0,0.0,1,,,,,0,0,0.0,0.0,0,0,0,,0.0,0.0,0.0,0.0,0.0,0.0,0.0,0.0,
2026-04-26 14:42:29.357279,HRTBT,PAPER,KXBTC15M-26APR261045-45,,0,0,2.51,78103.36,78079.41,98,17,83,2,-15,4208.3,1770.3600000000001,0.408,1000.0,0,,0.0,0.0,0.0,999.0,0,0.0,1,,,,,0,0,0.0,0.0,0,0,0,,0.0,0.0,0.0,0.0,0.0,0.0,0.0,0.0,
2026-04-26 14:42:39.407011,HRTBT,PAPER,KXBTC15M-26APR261045-45,,0,0,2.34,78096.83,78079.41,98,19,81,2,-17,1458.1100000000001,2464.69,-0.257,1000.0,0,,0.0,0.0,0.0,999.0,0,0.2,1,,,,,0,0,0.0,0.0,0,0,0,,0.0,0.0,0.0,0.0,0.0,0.0,0.0,0.0,
2026-04-26 14:42:49.420160,HRTBT,PAPER,KXBTC15M-26APR261045-45,,0,0,2.18,78093.52,78079.41,75,24,76,25,1,999.62,1209.16,-0.095,1000.0,0,,0.0,0.0,0.0,999.0,0,0.1,1,,,,,0,0,0.0,0.0,0,0,0,,0.0,0.0,0.0,0.0,0.0,0.0,0.0,0.0,
2026-04-26 14:42:59.434992,HRTBT,PAPER,KXBTC15M-26APR261045-45,,0,0,2.01,78096.83,78079.41,84,16,84,16,0,1661.4099999999999,1749.3600000000001,-0.026,1000.0,0,,0.0,0.0,0.0,999.0,0,0.2,1,,,,,0,0,0.0,0.0,0,0,0,,0.0,0.0,0.0,0.0,0.0,0.0,0.0,0.0,
2026-04-26 14:43:09.446118,HRTBT,PAPER,KXBTC15M-26APR261045-45,,0,0,1.84,78088.12,78079.41,84,24,76,16,-8,167.32999999999993,1793.0000000000002,-0.829,1000.0,0,,0.0,0.0,0.0,999.0,0,0.3,1,,,,,0,0,0.0,0.0,0,0,0,,0.0,0.0,0.0,0.0,0.0,0.0,0.0,0.0,
2026-04-26 14:43:19.460600,HRTBT,PAPER,KXBTC15M-26APR261045-45,,0,0,1.68,78077.12,78079.41,76,62,38,24,-38,623.8800000000001,1402.27,-0.384,1000.0,0,,0.0,0.0,0.0,999.0,0,0.3,1,,,,,0,0,0.0,0.0,0,0,0,,0.0,0.0,0.0,0.0,0.0,0.0,0.0,0.0,
2026-04-26 14:43:29.473134,HRTBT,PAPER,KXBTC15M-26APR261045-45,,0,0,1.51,78064.01,78079.41,76,77,23,24,-53,623.8800000000001,2285.0,-0.571,1000.0,0,,0.0,0.0,0.0,999.0,0,0.0,1,,,,,0,0,0.0,0.0,0,0,0,,0.0,0.0,0.0,0.0,0.0,0.0,0.0,0.0,
2026-04-26 14:43:39.594261,HRTBT,PAPER,KXBTC15M-26APR261045-45,,0,0,1.34,78066.11,78079.41,76,75,25,24,-51,623.8800000000001,1157.34,-0.299,1000.0,0,,0.0,0.0,0.0,999.0,0,0.0,1,,,,,0,0,0.0,0.0,0,0,0,,0.0,0.0,0.0,0.0,0.0,0.0,0.0,0.0,
2026-04-26 14:43:49.607612,HRTBT,PAPER,KXBTC15M-26APR261045-45,,0,0,1.17,78060.73,78079.41,32,96,4,68,-28,1749.0000000000002,2622.4,-0.2,1000.0,0,,0.0,0.0,0.0,999.0,0,0.0,1,,,,,0,0,0.0,0.0,0,0,0,,0.0,0.0,0.0,0.0,0.0,0.0,0.0,0.0,
2026-04-26 14:43:59.621571,HRTBT,PAPER,KXBTC15M-26APR261045-45,,0,0,1.01,78067.27,78079.41,32,94,6,68,-26,64.5700000000003,6.252776074688882e-13,1.0,1000.0,0,,0.0,0.0,0.0,999.0,0,0.1,1,,,,,0,0,0.0,0.0,0,0,0,,0.0,0.0,0.0,0.0,0.0,0.0,0.0,0.0,
2026-04-26 14:44:09.632668,HRTBT,PAPER,KXBTC15M-26APR261045-45,,0,0,0.84,78066.61,78079.41,32,94,6,68,-26,3.5543790133374387e-13,11.000000000000565,-1.0,1000.0,0,,0.0,0.0,0.0,999.0,0,0.1,1,,,,,0,0,0.0,0.0,0,0,0,,0.0,0.0,0.0,0.0,0.0,0.0,0.0,0.0,
2026-04-26 14:44:19.647991,HRTBT,PAPER,KXBTC15M-26APR261045-45,,0,0,0.67,78070.49,78079.41,6,90,10,94,4,1721.19,1157.7600000000002,0.196,1000.0,0,,0.0,0.0,0.0,999.0,0,0.2,1,,,,,0,0,0.0,0.0,0,0,0,,0.0,0.0,0.0,0.0,0.0,0.0,0.0,0.0,
2026-04-26 14:44:29.663357,HRTBT,PAPER,KXBTC15M-26APR261045-45,,0,0,0.51,78072.82,78079.41,5,95,5,95,0,2492.480000000001,1186.7200000000005,0.355,1000.0,0,,0.0,0.0,0.0,999.0,0,0.2,1,,,,,0,0,0.0,0.0,0,0,0,,0.0,0.0,0.0,0.0,0.0,0.0,0.0,0.0,
2026-04-26 14:44:39.676732,HRTBT,PAPER,KXBTC15M-26APR261045-45,,0,0,0.34,78066.67,78079.41,5,98,2,95,-3,963.420000000001,4149.990000000001,-0.623,1000.0,0,,0.0,0.0,0.0,999.0,0,0.2,1,,,,,0,0,0.0,0.0,0,0,0,,0.0,0.0,0.0,0.0,0.0,0.0,0.0,0.0,
2026-04-26 14:44:49.690453,HRTBT,PAPER,KXBTC15M-26APR261045-45,,0,0,0.17,78072.58,78079.41,1,99,1,99,0,42.05,3045.4,-0.973,1000.0,0,,0.0,0.0,0.0,999.0,0,0.3,1,,,,,0,0,0.0,0.0,0,0,0,,0.0,0.0,0.0,0.0,0.0,0.0,0.0,0.0,
2026-04-26 14:44:59.703295,HRTBT,PAPER,KXBTC15M-26APR261045-45,,0,0,0.0,78072.58,78079.41,0,99,1,99,0,0,5880.39,-1.0,1000.0,0,,0.0,0.0,0.0,999.0,0,0.1,1,,,,,0,0,0.0,0.0,0,0,0,,0.0,0.0,0.0,0.0,0.0,0.0,0.0,0.0,
2026-04-26 14:45:29.734644,HRTBT,PAPER,KXBTC15M-26APR261100-00,,0,0,14.5,78054.17,78071.35,42,57,43,58,1,506.0,590.78,-0.077,1000.0,0,,0.0,0.0,0.0,999.0,0,0.0,1,,,,,0,0,0.0,0.0,0,0,0,,0.0,0.0,0.0,0.0,0.0,0.0,0.0,0.0,
2026-04-26 14:45:40.576848,HRTBT,PAPER,KXBTC15M-26APR261100-00,,0,0,14.32,78054.01,78071.35,42,60,40,58,-2,1598.5600000000002,2907.2200000000003,-0.29,1000.0,0,,0.0,0.0,0.0,999.0,0,0.0,1,,,,,0,0,0.0,0.0,0,0,0,,0.0,0.0,0.0,0.0,0.0,0.0,0.0,0.0,
2026-04-26 14:45:52.227756,HRTBT,PAPER,KXBTC15M-26APR261100-00,,0,0,14.13,78044.33,78071.35,43,63,37,57,-6,1481.8100000000002,3168.970000000001,-0.363,1000.0,0,,0.0,0.0,0.0,999.0,0,0.1,1,,,,,0,0,0.0,0.0,0,0,0,,0.0,0.0,0.0,0.0,0.0,0.0,0.0,0.0,
2026-04-26 14:46:03.841184,HRTBT,PAPER,KXBTC15M-26APR261100-00,,0,0,13.94,78035.62,78071.35,43,66,34,57,-9,2418.14,2700.1600000000008,-0.055,1000.0,0,,0.0,0.0,0.0,999.0,0,0.1,1,,,,,0,0,0.0,0.0,0,0,0,,0.0,0.0,0.0,0.0,0.0,0.0,0.0,0.0,
2026-04-26 14:46:14.381430,HRTBT,PAPER,KXBTC15M-26APR261100-00,,0,0,13.76,78034.49,78071.35,32,68,32,68,0,2611.2599999999998,3106.43,-0.087,1000.0,0,,0.0,0.0,0.0,999.0,0,0.1,1,,,,,0,0,0.0,0.0,0,0,0,,0.0,0.0,0.0,0.0,0.0,0.0,0.0,0.0,
2026-04-26 14:46:26.466799,HRTBT,PAPER,KXBTC15M-26APR261100-00,,0,0,13.56,78025.1,78071.35,32,69,31,68,-1,2446.6099999999997,2977.25,-0.098,1000.0,0,,0.0,0.0,0.0,999.0,0,0.2,1,,,,,0,0,0.0,0.0,0,0,0,,0.0,0.0,0.0,0.0,0.0,0.0,0.0,0.0,
2026-04-26 14:46:38.149835,HRTBT,PAPER,KXBTC15M-26APR261100-00,,0,0,13.36,78021.36,78071.35,32,72,28,68,-4,2170.1299999999997,4289.1,-0.328,1000.0,0,,0.0,0.0,0.0,999.0,0,0.2,1,,,,,0,0,0.0,0.0,0,0,0,,0.0,0.0,0.0,0.0,0.0,0.0,0.0,0.0,
2026-04-26 14:46:49.456602,HRTBT,PAPER,KXBTC15M-26APR261100-00,,0,0,13.18,78021.36,78071.35,27,74,26,73,-1,3270.6400000000003,1925.2500000000005,0.259,1000.0,0,,0.0,0.0,0.0,999.0,0,0.1,1,,,,,0,0,0.0,0.0,0,0,0,,0.0,0.0,0.0,0.0,0.0,0.0,0.0,0.0,
2026-04-26 14:47:00.279578,SETTLE_VERIFIED,PAPER,KXBTC15M-26APR261045-45,,0,0,0.0,0.0,0,0,0,0,0,0,0,0,0.0,1000.0,0,,0.0,0.0,0,0.0,0,0.0,1,,,,,0,0,0.0,0.0,0,0,0,kalshi_api_no_position,78054.17,0.0,0.0,0.0,0.0,0.0,0.0,0.0,Market settled NO | no position held
2026-04-26 14:47:00.943288,HRTBT,PAPER,KXBTC15M-26APR261100-00,,0,0,12.98,78038.82,78071.35,37,74,26,63,-11,2952.0,674.8800000000008,0.628,1000.0,0,,0.0,0.0,0.0,999.0,0,0.0,1,,,,,0,0,0.0,0.0,0,0,0,,0.0,0.0,0.0,0.0,0.0,0.0,0.0,0.0,
2026-04-26 14:47:10.961053,HRTBT,PAPER,KXBTC15M-26APR261100-00,,0,0,12.82,78042.15,78071.35,36,74,26,64,-10,3051.19,1356.3000000000009,0.385,1000.0,0,,0.0,0.0,0.0,999.0,0,0.0,1,,,,,0,0,0.0,0.0,0,0,0,,0.0,0.0,0.0,0.0,0.0,0.0,0.0,0.0,
2026-04-26 14:47:20.979640,HRTBT,PAPER,KXBTC15M-26APR261100-00,,0,0,12.65,78042.26,78071.35,36,63,37,64,1,3265.7200000000003,2859.1500000000005,0.066,1000.0,0,,0.0,0.0,0.0,999.0,0,0.1,1,,,,,0,0,0.0,0.0,0,0,0,,0.0,0.0,0.0,0.0,0.0,0.0,0.0,0.0,
2026-04-26 14:47:30.992395,HRTBT,PAPER,KXBTC15M-26APR261100-00,,0,0,12.48,78041.1,78071.35,36,65,35,64,-1,3097.49,2929.450000000001,0.028,1000.0,0,,0.0,0.0,0.0,999.0,0,1.2,1,,,,,0,0,0.0,0.0,0,0,0,,0.0,0.0,0.0,0.0,0.0,0.0,0.0,0.0,
2026-04-26 14:47:41.009842,HRTBT,PAPER,KXBTC15M-26APR261100-00,,0,0,12.32,78041.77,78071.35,36,65,35,64,-1,2979.6099999999997,2620.440000000001,0.064,1000.0,0,,0.0,0.0,0.0,999.0,0,0.4,1,,,,,0,0,0.0,0.0,0,0,0,,0.0,0.0,0.0,0.0,0.0,0.0,0.0,0.0,
2026-04-26 14:47:51.024804,HRTBT,PAPER,KXBTC15M-26APR261100-00,,0,0,12.15,78034.49,78071.35,31,68,32,69,1,3363.0,2538.9500000000003,0.14,1000.0,0,,0.0,0.0,0.0,999.0,0,0.3,1,,,,,0,0,0.0,0.0,0,0,0,,0.0,0.0,0.0,0.0,0.0,0.0,0.0,0.0,
2026-04-26 14:48:01.040952,HRTBT,PAPER,KXBTC15M-26APR261100-00,,0,0,11.98,78037.35,78071.35,33,67,33,67,0,3334.84,2878.2200000000007,0.073,1000.0,0,,0.0,0.0,0.0,999.0,0,0.3,1,,,,,0,0,0.0,0.0,0,0,0,,0.0,0.0,0.0,0.0,0.0,0.0,0.0,0.0,
2026-04-26 14:48:11.066119,HRTBT,PAPER,KXBTC15M-26APR261100-00,,0,0,11.82,78037.35,78071.35,32,67,33,68,1,3420.94,2879.5300000000007,0.086,1000.0,0,,0.0,0.0,0.0,999.0,0,0.0,1,,,,,0,0,0.0,0.0,0,0,0,,0.0,0.0,0.0,0.0,0.0,0.0,0.0,0.0,
2026-04-26 14:48:21.078853,HRTBT,PAPER,KXBTC15M-26APR261100-00,,0,0,11.65,78033.04,78071.35,31,68,32,69,1,2860.7400000000002,3286.7800000000007,-0.069,1000.0,0,,0.0,0.0,0.0,999.0,0,0.0,1,,,,,0,0,0.0,0.0,0,0,0,,0.0,0.0,0.0,0.0,0.0,0.0,0.0,0.0,
2026-04-26 14:48:31.101618,HRTBT,PAPER,KXBTC15M-26APR261100-00,,0,0,11.48,78029.01,78071.35,30,69,31,70,1,3105.7200000000003,2469.340000000001,0.114,1000.0,0,,0.0,0.0,0.0,999.0,0,0.0,1,,,,,0,0,0.0,0.0,0,0,0,,0.0,0.0,0.0,0.0,0.0,0.0,0.0,0.0,
2026-04-26 14:48:41.117680,HRTBT,PAPER,KXBTC15M-26APR261100-00,,0,0,11.31,78029.01,78071.35,30,70,30,70,0,3477.9,3038.4500000000007,0.067,1000.0,0,,0.0,0.0,0.0,999.0,0,0.0,1,,,,,0,0,0.0,0.0,0,0,0,,0.0,0.0,0.0,0.0,0.0,0.0,0.0,0.0,
2026-04-26 14:48:51.134235,HRTBT,PAPER,KXBTC15M-26APR261100-00,,0,0,11.15,78029.01,78071.35,27,72,28,73,1,3846.25,3238.8199999999997,0.086,1000.0,0,,0.0,0.0,0.0,999.0,0,0.0,1,,,,,0,0,0.0,0.0,0,0,0,,0.0,0.0,0.0,0.0,0.0,0.0,0.0,0.0,
2026-04-26 14:49:01.147537,HRTBT,PAPER,KXBTC15M-26APR261100-00,,0,0,10.98,78029.01,78071.35,26,73,27,74,1,3453.34,2751.08,0.113,1000.0,0,,0.0,0.0,0.0,999.0,0,0.1,1,,,,,0,0,0.0,0.0,0,0,0,,0.0,0.0,0.0,0.0,0.0,0.0,0.0,0.0,
2026-04-26 14:49:11.169052,HRTBT,PAPER,KXBTC15M-26APR261100-00,,0,0,10.81,78029.01,78071.35,26,73,27,74,1,2727.78,3258.23,-0.089,1000.0,0,,0.0,0.0,0.0,999.0,0,0.3,1,,,,,0,0,0.0,0.0,0,0,0,,0.0,0.0,0.0,0.0,0.0,0.0,0.0,0.0,
2026-04-26 14:49:21.194203,HRTBT,PAPER,KXBTC15M-26APR261100-00,,0,0,10.65,78029.01,78071.35,25,74,26,75,1,2908.29,2726.6,0.032,1000.0,0,,0.0,0.0,0.0,999.0,0,0.3,1,,,,,0,0,0.0,0.0,0,0,0,,0.0,0.0,0.0,0.0,0.0,0.0,0.0,0.0,
2026-04-26 14:49:31.221794,HRTBT,PAPER,KXBTC15M-26APR261100-00,,0,0,10.48,78029.01,78071.35,26,73,27,74,1,2801.05,3255.66,-0.075,1000.0,0,,0.0,0.0,0.0,999.0,0,0.4,1,,,,,0,0,0.0,0.0,0,0,0,,0.0,0.0,0.0,0.0,0.0,0.0,0.0,0.0,
2026-04-26 14:49:41.232123,HRTBT,PAPER,KXBTC15M-26APR261100-00,,0,0,10.31,78027.92,78071.35,24,76,24,76,0,3392.1900000000005,3195.66,0.03,1000.0,0,,0.0,0.0,0.0,999.0,0,0.0,1,,,,,0,0,0.0,0.0,0,0,0,,0.0,0.0,0.0,0.0,0.0,0.0,0.0,0.0,
2026-04-26 14:49:51.288648,HRTBT,PAPER,KXBTC15M-26APR261100-00,,0,0,10.15,78029.01,78071.35,25,74,26,75,1,3247.78,3206.66,0.006,1000.0,0,,0.0,0.0,0.0,999.0,0,0.0,1,,,,,0,0,0.0,0.0,0,0,0,,0.0,0.0,0.0,0.0,0.0,0.0,0.0,0.0,
2026-04-26 14:50:01.306987,HRTBT,PAPER,KXBTC15M-26APR261100-00,,0,0,9.98,78041.48,78071.35,31,70,30,69,-1,3338.760000000001,3740.9200000000005,-0.057,1000.0,0,,0.0,0.0,0.0,999.0,0,0.0,1,,,,,0,0,0.0,0.0,0,0,0,,0.0,0.0,0.0,0.0,0.0,0.0,0.0,0.0,
2026-04-26 14:50:11.337430,HRTBT,PAPER,KXBTC15M-26APR261100-00,,0,0,9.81,78050.11,78071.35,35,70,30,65,-5,3131.16,1693.0500000000002,0.298,1000.0,0,,0.0,0.0,0.0,999.0,0,0.1,1,,,,,0,0,0.0,0.0,0,0,0,,0.0,0.0,0.0,0.0,0.0,0.0,0.0,0.0,
2026-04-26 14:50:21.355068,HRTBT,PAPER,KXBTC15M-26APR261100-00,,0,0,9.64,78050.11,78071.35,35,64,36,65,1,2834.0499999999997,3265.4500000000003,-0.071,1000.0,0,,0.0,0.0,0.0,999.0,0,0.2,1,,,,,0,0,0.0,0.0,0,0,0,,0.0,0.0,0.0,0.0,0.0,0.0,0.0,0.0,
2026-04-26 14:50:31.394617,HRTBT,PAPER,KXBTC15M-26APR261100-00,,0,0,9.48,78050.14,78071.35,38,64,36,62,-2,2845.32,3061.7799999999997,-0.037,1000.0,0,,0.0,0.0,0.0,999.0,0,0.4,1,,,,,0,0,0.0,0.0,0,0,0,,0.0,0.0,0.0,0.0,0.0,0.0,0.0,0.0,
2026-04-26 14:50:41.536905,HRTBT,PAPER,KXBTC15M-26APR261100-00,,0,0,9.31,78126.92,78071.35,80,64,36,20,-44,1912.7800000000002,1232.0000000000005,0.216,1000.0,0,,0.0,0.0,0.0,999.0,0,0.3,1,,,,,0,0,0.0,0.0,0,0,0,,0.0,0.0,0.0,0.0,0.0,0.0,0.0,0.0,
2026-04-26 14:50:51.568902,HRTBT,PAPER,KXBTC15M-26APR261100-00,,0,0,9.14,78150.42,78071.35,85,21,79,15,-6,2979.7799999999997,3941.0,-0.139,1000.0,0,,0.0,0.0,0.0,999.0,0,0.1,1,,,,,0,0,0.0,0.0,0,0,0,,0.0,0.0,0.0,0.0,0.0,0.0,0.0,0.0,
2026-04-26 14:51:01.590638,HRTBT,PAPER,KXBTC15M-26APR261100-00,,0,0,8.97,78169.99,78071.35,89,21,79,11,-10,2969.1299999999997,3217.5200000000004,-0.04,1000.0,0,,0.0,0.0,0.0,999.0,0,0.0,1,,,,,0,0,0.0,0.0,0,0,0,,0.0,0.0,0.0,0.0,0.0,0.0,0.0,0.0,
2026-04-26 14:51:11.604572,HRTBT,PAPER,KXBTC15M-26APR261100-00,,0,0,8.81,78162.4,78071.35,86,21,79,14,-7,3087.4100000000003,1453.5300000000007,0.36,1000.0,0,,0.0,0.0,0.0,999.0,0,0.1,1,,,,,0,0,0.0,0.0,0,0,0,,0.0,0.0,0.0,0.0,0.0,0.0,0.0,0.0,
2026-04-26 14:51:21.641534,HRTBT,PAPER,KXBTC15M-26APR261100-00,,0,0,8.64,78158.95,78071.35,86,14,86,14,0,4578.83,2316.25,0.328,1000.0,0,,0.0,0.0,0.0,999.0,0,0.1,1,,,,,0,0,0.0,0.0,0,0,0,,0.0,0.0,0.0,0.0,0.0,0.0,0.0,0.0,
2026-04-26 14:51:31.740022,HRTBT,PAPER,KXBTC15M-26APR261100-00,,0,0,8.47,78146.01,78071.35,86,14,86,14,0,2072.7799999999997,3265.81,-0.223,1000.0,0,,0.0,0.0,0.0,999.0,0,0.2,1,,,,,0,0,0.0,0.0,0,0,0,,0.0,0.0,0.0,0.0,0.0,0.0,0.0,0.0,
2026-04-26 14:51:41.753344,HRTBT,PAPER,KXBTC15M-26APR261100-00,,0,0,8.3,78132.89,78071.35,86,19,81,14,-5,1593.2,3929.5200000000004,-0.423,1000.0,0,,0.0,0.0,0.0,999.0,0,0.3,1,,,,,0,0,0.0,0.0,0,0,0,,0.0,0.0,0.0,0.0,0.0,0.0,0.0,0.0,
2026-04-26 14:51:51.766563,HRTBT,PAPER,KXBTC15M-26APR261100-00,,0,0,8.14,78126.49,78071.35,80,19,81,20,1,2907.7999999999997,5046.17,-0.269,1000.0,0,,0.0,0.0,0.0,999.0,0,0.0,1,,,,,0,0,0.0,0.0,0,0,0,,0.0,0.0,0.0,0.0,0.0,0.0,0.0,0.0,
2026-04-26 14:52:01.825398,HRTBT,PAPER,KXBTC15M-26APR261100-00,,0,0,7.97,78126.49,78071.35,81,19,81,19,0,3230.34,3496.55,-0.04,1000.0,0,,0.0,0.0,0.0,999.0,0,0.0,1,,,,,0,0,0.0,0.0,0,0,0,,0.0,0.0,0.0,0.0,0.0,0.0,0.0,0.0,
2026-04-26 14:52:11.921809,HRTBT,PAPER,KXBTC15M-26APR261100-00,,0,0,7.8,78126.49,78071.35,81,19,81,19,0,2986.0299999999997,3581.7900000000004,-0.091,1000.0,0,,0.0,0.0,0.0,999.0,0,0.2,1,,,,,0,0,0.0,0.0,0,0,0,,0.0,0.0,0.0,0.0,0.0,0.0,0.0,0.0,
2026-04-26 14:52:21.994088,HRTBT,PAPER,KXBTC15M-26APR261100-00,,0,0,7.63,78132.7,78071.35,82,18,82,18,0,6805.83,2159.72,0.518,1000.0,0,,0.0,0.0,0.0,999.0,0,0.3,1,,,,,0,0,0.0,0.0,0,0,0,,0.0,0.0,0.0,0.0,0.0,0.0,0.0,0.0,
2026-04-26 14:52:32.008168,HRTBT,PAPER,KXBTC15M-26APR261100-00,,0,0,7.47,78145.74,78071.35,87,18,82,13,-5,3817.1000000000004,2811.65,0.152,1000.0,0,,0.0,0.0,0.0,999.0,0,0.3,1,,,,,0,0,0.0,0.0,0,0,0,,0.0,0.0,0.0,0.0,0.0,0.0,0.0,0.0,
2026-04-26 14:52:42.029041,HRTBT,PAPER,KXBTC15M-26APR261100-00,,0,0,7.3,78152.68,78071.35,88,18,82,12,-6,3344.0000000000005,2616.06,0.122,1000.0,0,,0.0,0.0,0.0,999.0,0,0.2,1,,,,,0,0,0.0,0.0,0,0,0,,0.0,0.0,0.0,0.0,0.0,0.0,0.0,0.0,
2026-04-26 14:52:52.054795,HRTBT,PAPER,KXBTC15M-26APR261100-00,,0,0,7.13,78155.01,78071.35,90,10,90,10,0,2653.9700000000003,4048.5600000000004,-0.208,1000.0,0,,0.0,0.0,0.0,999.0,0,0.0,1,,,,,0,0,0.0,0.0,0,0,0,,0.0,0.0,0.0,0.0,0.0,0.0,0.0,0.0,
2026-04-26 14:53:02.133918,HRTBT,PAPER,KXBTC15M-26APR261100-00,,0,0,6.96,78146.01,78071.35,88,11,89,12,1,3617.88,2781.5299999999997,0.131,1000.0,0,,0.0,0.0,0.0,999.0,0,0.0,1,,,,,0,0,0.0,0.0,0,0,0,,0.0,0.0,0.0,0.0,0.0,0.0,0.0,0.0,
2026-04-26 14:53:12.147717,HRTBT,PAPER,KXBTC15M-26APR261100-00,,0,0,6.8,78142.73,78071.35,87,13,87,13,0,2106.8300000000004,3156.1600000000003,-0.199,1000.0,0,,0.0,0.0,0.0,999.0,0,0.0,1,,,,,0,0,0.0,0.0,0,0,0,,0.0,0.0,0.0,0.0,0.0,0.0,0.0,0.0,
2026-04-26 14:53:22.177525,HRTBT,PAPER,KXBTC15M-26APR261100-00,,0,0,6.63,78136.17,78071.35,85,14,86,15,1,2698.67,4775.5,-0.278,1000.0,0,,0.0,0.0,0.0,999.0,0,0.0,1,,,,,0,0,0.0,0.0,0,0,0,,0.0,0.0,0.0,0.0,0.0,0.0,0.0,0.0,
2026-04-26 14:53:32.190464,HRTBT,PAPER,KXBTC15M-26APR261100-00,,0,0,6.46,78144.27,78071.35,89,14,86,11,-3,5229.91,4080.65,0.123,1000.0,0,,0.0,0.0,0.0,999.0,0,0.1,1,,,,,0,0,0.0,0.0,0,0,0,,0.0,0.0,0.0,0.0,0.0,0.0,0.0,0.0,
2026-04-26 14:53:42.232124,HRTBT,PAPER,KXBTC15M-26APR261100-00,,0,0,6.3,78142.73,78071.35,90,14,86,10,-4,1958.8899999999999,2928.98,-0.198,1000.0,0,,0.0,0.0,0.0,999.0,0,0.1,1,,,,,0,0,0.0,0.0,0,0,0,,0.0,0.0,0.0,0.0,0.0,0.0,0.0,0.0,
2026-04-26 14:53:52.307966,HRTBT,PAPER,KXBTC15M-26APR261100-00,,0,0,6.13,78145.92,78071.35,91,10,90,9,-1,3955.17,2879.0,0.157,1000.0,0,,0.0,0.0,0.0,999.0,0,0.5,1,,,,,0,0,0.0,0.0,0,0,0,,0.0,0.0,0.0,0.0,0.0,0.0,0.0,0.0,
2026-04-26 14:54:02.348158,HRTBT,PAPER,KXBTC15M-26APR261100-00,,0,0,5.96,78136.2,78071.35,89,10,90,11,1,1744.14,1830.02,-0.024,1000.0,0,,0.0,0.0,0.0,999.0,0,0.0,1,,,,,0,0,0.0,0.0,0,0,0,,0.0,0.0,0.0,0.0,0.0,0.0,0.0,0.0,
2026-04-26 14:54:12.480041,HRTBT,PAPER,KXBTC15M-26APR261100-00,,0,0,5.79,78138.93,78071.35,90,10,90,10,0,1750.03,1678.12,0.021,1000.0,0,,0.0,0.0,0.0,999.0,0,0.0,1,,,,,0,0,0.0,0.0,0,0,0,,0.0,0.0,0.0,0.0,0.0,0.0,0.0,0.0,
2026-04-26 14:54:22.597296,HRTBT,PAPER,KXBTC15M-26APR261100-00,,0,0,5.62,78139.57,78071.35,92,8,92,8,0,2356.34,1643.75,0.178,1000.0,0,,0.0,0.0,0.0,999.0,0,0.1,1,,,,,0,0,0.0,0.0,0,0,0,,0.0,0.0,0.0,0.0,0.0,0.0,0.0,0.0,
2026-04-26 14:54:32.721561,HRTBT,PAPER,KXBTC15M-26APR261100-00,,0,0,5.45,78139.57,78071.35,92,8,92,8,0,1836.6200000000001,2587.0,-0.17,1000.0,0,,0.0,0.0,0.0,999.0,0,0.0,1,,,,,0,0,0.0,0.0,0,0,0,,0.0,0.0,0.0,0.0,0.0,0.0,0.0,0.0,
2026-04-26 14:54:42.736133,HRTBT,PAPER,KXBTC15M-26APR261100-00,,0,0,5.29,78172.24,78071.35,96,8,92,4,-4,6782.330000000001,2954.3700000000003,0.393,1000.0,0,,0.0,0.0,0.0,999.0,0,0.0,1,,,,,0,0,0.0,0.0,0,0,0,,0.0,0.0,0.0,0.0,0.0,0.0,0.0,0.0,
2026-04-26 14:54:52.747007,HRTBT,PAPER,KXBTC15M-26APR261100-00,,0,0,5.12,78156.08,78071.35,95,5,95,5,0,4544.5,2028.93,0.383,1000.0,0,,0.0,0.0,0.0,999.0,0,0.0,1,,,,,0,0,0.0,0.0,0,0,0,,0.0,0.0,0.0,0.0,0.0,0.0,0.0,0.0,
2026-04-26 14:55:02.767656,HRTBT,PAPER,KXBTC15M-26APR261100-00,,0,0,4.95,78165.24,78071.35,96,5,95,4,-1,5946.77,2769.49,0.365,1000.0,0,,0.0,0.0,0.0,999.0,0,0.0,1,,,,,0,0,0.0,0.0,0,0,0,,0.0,0.0,0.0,0.0,0.0,0.0,0.0,0.0,
2026-04-26 14:55:12.786197,HRTBT,PAPER,KXBTC15M-26APR261100-00,,0,0,4.79,78172.24,78071.35,97,5,95,3,-2,9123.26,2793.0099999999998,0.531,1000.0,0,,0.0,0.0,0.0,999.0,0,0.0,1,,,,,0,0,0.0,0.0,0,0,0,,0.0,0.0,0.0,0.0,0.0,0.0,0.0,0.0,
2026-04-26 14:55:22.819177,HRTBT,PAPER,KXBTC15M-26APR261100-00,,0,0,4.62,78165.05,78071.35,97,3,97,3,0,6921.1900000000005,1789.72,0.589,1000.0,0,,0.0,0.0,0.0,999.0,0,0.1,1,,,,,0,0,0.0,0.0,0,0,0,,0.0,0.0,0.0,0.0,0.0,0.0,0.0,0.0,
2026-04-26 14:55:32.838695,HRTBT,PAPER,KXBTC15M-26APR261100-00,,0,0,4.45,78153.86,78071.35,97,3,97,3,0,4965.41,2782.1600000000003,0.282,1000.0,0,,0.0,0.0,0.0,999.0,0,0.1,1,,,,,0,0,0.0,0.0,0,0,0,,0.0,0.0,0.0,0.0,0.0,0.0,0.0,0.0,
2026-04-26 14:55:42.874464,HRTBT,PAPER,KXBTC15M-26APR261100-00,,0,0,4.29,78140.08,78071.35,97,3,97,3,0,5454.36,2782.86,0.324,1000.0,0,,0.0,0.0,0.0,999.0,0,0.2,1,,,,,0,0,0.0,0.0,0,0,0,,0.0,0.0,0.0,0.0,0.0,0.0,0.0,0.0,
2026-04-26 14:55:52.904319,HRTBT,PAPER,KXBTC15M-26APR261100-00,,0,0,4.12,78142.01,78071.35,96,4,96,4,0,6925.3,3289.37,0.356,1000.0,0,,0.0,0.0,0.0,999.0,0,0.3,1,,,,,0,0,0.0,0.0,0,0,0,,0.0,0.0,0.0,0.0,0.0,0.0,0.0,0.0,
2026-04-26 14:56:02.928972,HRTBT,PAPER,KXBTC15M-26APR261100-00,,0,0,3.95,78128.45,78071.35,96,5,95,4,-1,4201.59,3949.45,0.031,1000.0,0,,0.0,0.0,0.0,999.0,0,0.0,1,,,,,0,0,0.0,0.0,0,0,0,,0.0,0.0,0.0,0.0,0.0,0.0,0.0,0.0,
2026-04-26 14:56:13.016754,HRTBT,PAPER,KXBTC15M-26APR261100-00,,0,0,3.78,78140.99,78071.35,96,4,96,4,0,8390.17,3929.1099999999997,0.362,1000.0,0,,0.0,0.0,0.0,999.0,0,0.0,1,,,,,0,0,0.0,0.0,0,0,0,,0.0,0.0,0.0,0.0,0.0,0.0,0.0,0.0,
2026-04-26 14:56:23.144478,HRTBT,PAPER,KXBTC15M-26APR261100-00,,0,0,3.61,78134.58,78071.35,96,4,96,4,0,2842.0,2611.0,0.042,1000.0,0,,0.0,0.0,0.0,999.0,0,0.1,1,,,,,0,0,0.0,0.0,0,0,0,,0.0,0.0,0.0,0.0,0.0,0.0,0.0,0.0,
2026-04-26 14:56:33.309931,HRTBT,PAPER,KXBTC15M-26APR261100-00,,0,0,3.44,78131.14,78071.35,96,3,97,4,1,5087.459999999999,2569.34,0.329,1000.0,0,,0.0,0.0,0.0,999.0,0,0.0,1,,,,,0,0,0.0,0.0,0,0,0,,0.0,0.0,0.0,0.0,0.0,0.0,0.0,0.0,
2026-04-26 14:56:43.385148,HRTBT,PAPER,KXBTC15M-26APR261100-00,,0,0,3.28,78134.58,78071.35,98,3,97,2,-1,3025.9999999999995,2526.0,0.09,1000.0,0,,0.0,0.0,0.0,999.0,0,0.0,1,,,,,0,0,0.0,0.0,0,0,0,,0.0,0.0,0.0,0.0,0.0,0.0,0.0,0.0,
2026-04-26 14:56:53.421229,HRTBT,PAPER,KXBTC15M-26APR261100-00,,0,0,3.11,78148.58,78071.35,98,2,98,2,0,3166.07,1684.05,0.306,1000.0,0,,0.0,0.0,0.0,999.0,0,0.0,1,,,,,0,0,0.0,0.0,0,0,0,,0.0,0.0,0.0,0.0,0.0,0.0,0.0,0.0,
2026-04-26 14:57:03.635363,HRTBT,PAPER,KXBTC15M-26APR261100-00,,0,0,2.94,78106.64,78071.35,92,7,93,8,1,3030.0,5347.700000000001,-0.277,1000.0,0,,0.0,0.0,0.0,999.0,0,0.2,1,,,,,0,0,0.0,0.0,0,0,0,,0.0,0.0,0.0,0.0,0.0,0.0,0.0,0.0,
2026-04-26 14:57:13.859393,HRTBT,PAPER,KXBTC15M-26APR261100-00,,0,0,2.77,78100.98,78071.35,90,8,92,10,2,2207.35,2334.0000000000005,-0.028,1000.0,0,,0.0,0.0,0.0,999.0,0,0.0,1,,,,,0,0,0.0,0.0,0,0,0,,0.0,0.0,0.0,0.0,0.0,0.0,0.0,0.0,
2026-04-26 14:57:23.873242,HRTBT,PAPER,KXBTC15M-26APR261100-00,,0,0,2.6,78103.95,78071.35,90,10,90,10,0,2226.11,796.9800000000002,0.473,1000.0,0,,0.0,0.0,0.0,999.0,0,0.1,1,,,,,0,0,0.0,0.0,0,0,0,,0.0,0.0,0.0,0.0,0.0,0.0,0.0,0.0,
2026-04-26 14:57:33.926845,HRTBT,PAPER,KXBTC15M-26APR261100-00,,0,0,2.43,78106.64,78071.35,94,8,92,6,-2,1508.6,922.4000000000002,0.241,1000.0,0,,0.0,0.0,0.0,999.0,0,0.1,1,,,,,0,0,0.0,0.0,0,0,0,,0.0,0.0,0.0,0.0,0.0,0.0,0.0,0.0,
2026-04-26 14:57:43.937560,HRTBT,PAPER,KXBTC15M-26APR261100-00,,0,0,2.27,78112.1,78071.35,95,8,92,5,-3,4620.860000000001,3497.8300000000004,0.138,1000.0,0,,0.0,0.0,0.0,999.0,0,0.1,1,,,,,0,0,0.0,0.0,0,0,0,,0.0,0.0,0.0,0.0,0.0,0.0,0.0,0.0,
2026-04-26 14:57:54.044950,HRTBT,PAPER,KXBTC15M-26APR261100-00,,0,0,2.1,78112.1,78071.35,96,4,96,4,0,5131.17,1737.62,0.494,1000.0,0,,0.0,0.0,0.0,999.0,0,0.0,1,,,,,0,0,0.0,0.0,0,0,0,,0.0,0.0,0.0,0.0,0.0,0.0,0.0,0.0,
2026-04-26 14:58:04.174699,HRTBT,PAPER,KXBTC15M-26APR261100-00,,0,0,1.93,78112.76,78071.35,97,3,97,3,0,5666.67,1644.62,0.55,1000.0,0,,0.0,0.0,0.0,999.0,0,0.0,1,,,,,0,0,0.0,0.0,0,0,0,,0.0,0.0,0.0,0.0,0.0,0.0,0.0,0.0,
2026-04-26 14:58:14.191690,HRTBT,PAPER,KXBTC15M-26APR261100-00,,0,0,1.76,78112.76,78071.35,97,3,97,3,0,6663.33,1596.4099999999999,0.613,1000.0,0,,0.0,0.0,0.0,999.0,0,0.1,1,,,,,0,0,0.0,0.0,0,0,0,,0.0,0.0,0.0,0.0,0.0,0.0,0.0,0.0,
2026-04-26 14:58:24.254651,HRTBT,PAPER,KXBTC15M-26APR261100-00,,0,0,1.6,78112.76,78071.35,98,2,98,2,0,4252.76,254.0,0.887,1000.0,0,,0.0,0.0,0.0,999.0,0,0.2,1,,,,,0,0,0.0,0.0,0,0,0,,0.0,0.0,0.0,0.0,0.0,0.0,0.0,0.0,
2026-04-26 14:58:34.311431,HRTBT,PAPER,KXBTC15M-26APR261100-00,,0,0,1.43,78100.12,78071.35,99,1,99,1,0,3502.02,269.0,0.857,1000.0,0,,0.0,0.0,0.0,999.0,0,0.2,1,,,,,0,0,0.0,0.0,0,0,0,,0.0,0.0,0.0,0.0,0.0,0.0,0.0,0.0,
2026-04-26 14:58:44.329763,HRTBT,PAPER,KXBTC15M-26APR261100-00,,0,0,1.26,78090.24,78071.35,98,3,97,2,-1,1656.0000000000005,608.54,0.463,1000.0,0,,0.0,0.0,0.0,999.0,0,0.8,1,,,,,0,0,0.0,0.0,0,0,0,,0.0,0.0,0.0,0.0,0.0,0.0,0.0,0.0,
2026-04-26 14:58:54.376670,HRTBT,PAPER,KXBTC15M-26APR261100-00,,0,0,1.09,78095.71,78071.35,98,2,98,2,0,798.84,227.16,0.557,1000.0,0,,0.0,0.0,0.0,999.0,0,0.0,1,,,,,0,0,0.0,0.0,0,0,0,,0.0,0.0,0.0,0.0,0.0,0.0,0.0,0.0,
2026-04-26 14:59:04.391409,HRTBT,PAPER,KXBTC15M-26APR261100-00,,0,0,0.93,78110.76,78071.35,98,0,99,2,1,1878.18,0,1.0,1000.0,0,,0.0,0.0,0.0,999.0,0,0.1,1,,,,,0,0,0.0,0.0,0,0,0,,0.0,0.0,0.0,0.0,0.0,0.0,0.0,0.0,
2026-04-26 14:59:14.404900,HRTBT,PAPER,KXBTC15M-26APR261100-00,,0,0,0.76,78106.23,78071.35,99,0,99,1,0,1528.84,0,1.0,1000.0,0,,0.0,0.0,0.0,999.0,0,0.0,1,,,,,0,0,0.0,0.0,0,0,0,,0.0,0.0,0.0,0.0,0.0,0.0,0.0,0.0,
2026-04-26 14:59:24.420297,HRTBT,PAPER,KXBTC15M-26APR261100-00,,0,0,0.59,78108.38,78071.35,99,0,99,1,0,1806.7,0,1.0,1000.0,0,,0.0,0.0,0.0,999.0,0,0.1,1,,,,,0,0,0.0,0.0,0,0,0,,0.0,0.0,0.0,0.0,0.0,0.0,0.0,0.0,
2026-04-26 14:59:34.431779,HRTBT,PAPER,KXBTC15M-26APR261100-00,,0,0,0.43,78108.38,78071.35,99,0,99,1,0,2475.5600000000004,0,1.0,1000.0,0,,0.0,0.0,0.0,999.0,0,0.2,1,,,,,0,0,0.0,0.0,0,0,0,,0.0,0.0,0.0,0.0,0.0,0.0,0.0,0.0,
2026-04-26 14:59:44.444452,HRTBT,PAPER,KXBTC15M-26APR261100-00,,0,0,0.26,78108.38,78071.35,99,0,99,1,0,977.49,0,1.0,1000.0,0,,0.0,0.0,0.0,999.0,0,0.6,1,,,,,0,0,0.0,0.0,0,0,0,,0.0,0.0,0.0,0.0,0.0,0.0,0.0,0.0,
2026-04-26 14:59:54.479253,HRTBT,PAPER,KXBTC15M-26APR261100-00,,0,0,0.09,78108.38,78071.35,99,0,99,1,0,3097.49,0,1.0,1000.0,0,,0.0,0.0,0.0,999.0,0,0.3,1,,,,,0,0,0.0,0.0,0,0,0,,0.0,0.0,0.0,0.0,0.0,0.0,0.0,0.0,
2026-04-26 15:00:52.448322,HRTBT,PAPER,KXBTC15M-26APR261115-15,,0,0,14.13,78128.85,78109.82,57,42,58,43,1,2982.4,3051.1800000000007,-0.011,1000.0,0,,0.0,0.0,0.0,999.0,0,0.1,1,,,,,0,0,0.0,0.0,0,0,0,,0.0,0.0,0.0,0.0,0.0,0.0,0.0,0.0,
2026-04-26 15:01:07.015103,HRTBT,PAPER,KXBTC15M-26APR261115-15,,0,0,13.88,78119.17,78109.82,57,45,55,43,-2,3056.43,3098.750000000001,-0.007,1000.0,0,,0.0,0.0,0.0,999.0,0,0.9,1,,,,,0,0,0.0,0.0,0,0,0,,0.0,0.0,0.0,0.0,0.0,0.0,0.0,0.0,
2026-04-26 15:01:19.668249,HRTBT,PAPER,KXBTC15M-26APR261115-15,,0,0,13.67,78121.85,78109.82,57,44,56,43,-1,2952.6600000000003,2943.160000000001,0.002,1000.0,0,,0.0,0.0,0.0,999.0,0,0.0,1,,,,,0,0,0.0,0.0,0,0,0,,0.0,0.0,0.0,0.0,0.0,0.0,0.0,0.0,
2026-04-26 15:01:31.215281,HRTBT,PAPER,KXBTC15M-26APR261115-15,,0,0,13.48,78119.17,78109.82,53,46,54,47,1,2905.66,2805.11,0.018,1000.0,0,,0.0,0.0,0.0,999.0,0,0.0,1,,,,,0,0,0.0,0.0,0,0,0,,0.0,0.0,0.0,0.0,0.0,0.0,0.0,0.0,
2026-04-26 15:01:44.140213,HRTBT,PAPER,KXBTC15M-26APR261115-15,,0,0,13.26,78115.51,78109.82,55,44,56,45,1,3093.5700000000006,1179.2199999999998,0.448,1000.0,0,,0.0,0.0,0.0,999.0,0,0.3,1,,,,,0,0,0.0,0.0,0,0,0,,0.0,0.0,0.0,0.0,0.0,0.0,0.0,0.0,
2026-04-26 15:01:57.832781,HRTBT,PAPER,KXBTC15M-26APR261115-15,,0,0,13.04,78117.48,78109.82,55,44,56,45,1,3230.56,1532.69,0.356,1000.0,0,,0.0,0.0,0.0,999.0,0,0.3,1,,,,,0,0,0.0,0.0,0,0,0,,0.0,0.0,0.0,0.0,0.0,0.0,0.0,0.0,
2026-04-26 15:02:07.973188,SETTLE_VERIFIED,PAPER,KXBTC15M-26APR261100-00,,0,0,0.0,0.0,0,0,0,0,0,0,0,0,0.0,1000.0,0,,0.0,0.0,0,0.0,0,0.0,1,,,,,0,0,0.0,0.0,0,0,0,kalshi_api_no_position,78123.04,0.0,0.0,0.0,0.0,0.0,0.0,0.0,Market settled YES | no position held
2026-04-26 15:02:08.442670,HRTBT,PAPER,KXBTC15M-26APR261115-15,,0,0,12.86,78131.83,78109.82,65,38,62,35,-3,2725.7700000000004,1334.8800000000003,0.343,1000.0,0,,0.0,0.0,0.0,999.0,0,0.0,1,,,,,0,0,0.0,0.0,0,0,0,,0.0,0.0,0.0,0.0,0.0,0.0,0.0,0.0,
2026-04-26 15:02:18.459996,HRTBT,PAPER,KXBTC15M-26APR261115-15,,0,0,12.69,78133.6,78109.82,66,38,62,34,-4,2968.94,2722.9100000000003,0.043,1000.0,0,,0.0,0.0,0.0,999.0,0,0.2,1,,,,,0,0,0.0,0.0,0,0,0,,0.0,0.0,0.0,0.0,0.0,0.0,0.0,0.0,
2026-04-26 15:02:28.474011,HRTBT,PAPER,KXBTC15M-26APR261115-15,,0,0,12.53,78123.15,78109.82,61,38,62,39,1,2890.38,3070.61,-0.03,1000.0,0,,0.0,0.0,0.0,999.0,0,0.1,1,,,,,0,0,0.0,0.0,0,0,0,,0.0,0.0,0.0,0.0,0.0,0.0,0.0,0.0,
2026-04-26 15:02:38.489246,HRTBT,PAPER,KXBTC15M-26APR261115-15,,0,0,12.36,78130.54,78109.82,65,38,62,35,-3,2848.6199999999994,2340.91,0.098,1000.0,0,,0.0,0.0,0.0,999.0,0,0.1,1,,,,,0,0,0.0,0.0,0,0,0,,0.0,0.0,0.0,0.0,0.0,0.0,0.0,0.0,
2026-04-26 15:02:48.505700,HRTBT,PAPER,KXBTC15M-26APR261115-15,,0,0,12.19,78119.89,78109.82,66,41,59,34,-7,3503.6800000000003,3052.06,0.069,1000.0,0,,0.0,0.0,0.0,999.0,0,0.2,1,,,,,0,0,0.0,0.0,0,0,0,,0.0,0.0,0.0,0.0,0.0,0.0,0.0,0.0,
2026-04-26 15:02:58.529071,HRTBT,PAPER,KXBTC15M-26APR261115-15,,0,0,12.02,78119.89,78109.82,57,42,58,43,1,3312.25,3412.0,-0.015,1000.0,0,,0.0,0.0,0.0,999.0,0,0.2,1,,,,,0,0,0.0,0.0,0,0,0,,0.0,0.0,0.0,0.0,0.0,0.0,0.0,0.0,
2026-04-26 15:03:08.546366,HRTBT,PAPER,KXBTC15M-26APR261115-15,,0,0,11.86,78108.39,78109.82,52,50,50,48,-2,3307.34,3024.84,0.045,1000.0,0,,0.0,0.0,0.0,999.0,0,0.2,1,,,,,0,0,0.0,0.0,0,0,0,,0.0,0.0,0.0,0.0,0.0,0.0,0.0,0.0,
2026-04-26 15:03:18.559462,HRTBT,PAPER,KXBTC15M-26APR261115-15,,0,0,11.69,78098.83,78109.82,52,51,49,48,-3,3130.000000000001,1908.19,0.243,1000.0,0,,0.0,0.0,0.0,999.0,0,0.8,1,,,,,0,0,0.0,0.0,0,0,0,,0.0,0.0,0.0,0.0,0.0,0.0,0.0,0.0,
2026-04-26 15:03:28.586313,HRTBT,PAPER,KXBTC15M-26APR261115-15,,0,0,11.52,78098.05,78109.82,48,51,49,52,1,3130.62,2941.57,0.031,1000.0,0,,0.0,0.0,0.0,999.0,0,0.0,1,,,,,0,0,0.0,0.0,0,0,0,,0.0,0.0,0.0,0.0,0.0,0.0,0.0,0.0,
2026-04-26 15:03:38.598543,HRTBT,PAPER,KXBTC15M-26APR261115-15,,0,0,11.36,78095.46,78109.82,48,51,49,52,1,3168.43,2747.84,0.071,1000.0,0,,0.0,0.0,0.0,999.0,0,0.0,1,,,,,0,0,0.0,0.0,0,0,0,,0.0,0.0,0.0,0.0,0.0,0.0,0.0,0.0,
2026-04-26 15:03:48.624884,HRTBT,PAPER,KXBTC15M-26APR261115-15,,0,0,11.19,78102.24,78109.82,50,51,49,50,-1,3629.89,2630.07,0.16,1000.0,0,,0.0,0.0,0.0,999.0,0,0.0,1,,,,,0,0,0.0,0.0,0,0,0,,0.0,0.0,0.0,0.0,0.0,0.0,0.0,0.0,
2026-04-26 15:03:58.674104,HRTBT,PAPER,KXBTC15M-26APR261115-15,,0,0,11.02,78107.9,78109.82,49,50,50,51,1,3812.62,2615.36,0.186,1000.0,0,,0.0,0.0,0.0,999.0,0,0.0,1,,,,,0,0,0.0,0.0,0,0,0,,0.0,0.0,0.0,0.0,0.0,0.0,0.0,0.0,
2026-04-26 15:04:08.685531,HRTBT,PAPER,KXBTC15M-26APR261115-15,,0,0,10.86,78109.92,78109.82,50,50,50,50,0,3230.7600000000007,2803.62,0.071,1000.0,0,,0.0,0.0,0.0,999.0,0,0.2,1,,,,,0,0,0.0,0.0,0,0,0,,0.0,0.0,0.0,0.0,0.0,0.0,0.0,0.0,
2026-04-26 15:04:18.697006,HRTBT,PAPER,KXBTC15M-26APR261115-15,,0,0,10.69,78113.43,78109.82,54,47,53,46,-1,3112.0200000000004,2676.0,0.075,1000.0,0,,0.0,0.0,0.0,999.0,0,0.1,1,,,,,0,0,0.0,0.0,0,0,0,,0.0,0.0,0.0,0.0,0.0,0.0,0.0,0.0,
2026-04-26 15:04:28.764838,HRTBT,PAPER,KXBTC15M-26APR261115-15,,0,0,10.52,78115.33,78109.82,55,47,53,45,-2,2928.55,2685.3,0.043,1000.0,0,,0.0,0.0,0.0,999.0,0,0.3,1,,,,,0,0,0.0,0.0,0,0,0,,0.0,0.0,0.0,0.0,0.0,0.0,0.0,0.0,
2026-04-26 15:04:38.778024,HRTBT,PAPER,KXBTC15M-26APR261115-15,,0,0,10.35,78115.33,78109.82,55,46,54,45,-1,3133.7799999999997,2872.11,0.044,1000.0,0,,0.0,0.0,0.0,999.0,0,0.3,1,,,,,0,0,0.0,0.0,0,0,0,,0.0,0.0,0.0,0.0,0.0,0.0,0.0,0.0,
2026-04-26 15:04:48.790561,HRTBT,PAPER,KXBTC15M-26APR261115-15,,0,0,10.19,78115.33,78109.82,55,46,54,45,-1,1348.0,1238.3000000000002,0.042,1000.0,0,,0.0,0.0,0.0,999.0,0,0.0,1,,,,,0,0,0.0,0.0,0,0,0,,0.0,0.0,0.0,0.0,0.0,0.0,0.0,0.0,
2026-04-26 15:04:58.859084,HRTBT,PAPER,KXBTC15M-26APR261115-15,,0,0,10.02,78115.33,78109.82,55,46,54,45,-1,1332.04,687.1100000000002,0.319,1000.0,0,,0.0,0.0,0.0,999.0,0,0.0,1,,,,,0,0,0.0,0.0,0,0,0,,0.0,0.0,0.0,0.0,0.0,0.0,0.0,0.0,
2026-04-26 15:05:08.874744,HRTBT,PAPER,KXBTC15M-26APR261115-15,,0,0,9.85,78119.08,78109.82,56,43,57,44,1,1290.78,522.5799999999999,0.424,1000.0,0,,0.0,0.0,0.0,999.0,0,0.2,1,,,,,0,0,0.0,0.0,0,0,0,,0.0,0.0,0.0,0.0,0.0,0.0,0.0,0.0,
2026-04-26 15:05:18.917529,HRTBT,PAPER,KXBTC15M-26APR261115-15,,0,0,9.68,78119.08,78109.82,55,44,56,45,1,3181.34,3140.9,0.006,1000.0,0,,0.0,0.0,0.0,999.0,0,0.0,1,,,,,0,0,0.0,0.0,0,0,0,,0.0,0.0,0.0,0.0,0.0,0.0,0.0,0.0,
